health_sys_id,health_sys_name,health_sys_city,health_sys_state,in_hcos,in_ska,in_aha,ims_org_id,ihs_id,aha_id,total_mds,prim_care_mds,grp_cnt,hosp_cnt,acutehosp_cnt,sys_multistate,sys_beds,sys_dsch,sys_res,maj_inv_owned,deg_children,sys_incl_majteachhosp,sys_incl_vmajteachhosp,sys_teachint,sys_incl_highdpphosp,sys_highucburden,sys_incl_highuchosp,sys_acoany,sys_bundledpayment,sys_anyins_product,sys_ma_plan,sys_ma_plan_contracts
HSI00000008,Adena Health System,Chillicothe,OH,1,1,1,INS00014891,9102294,0895,181,73,31,3,3,1,239,9887,29.93,0,0,0,0,1,0,0,1,1,0,0,0,
HSI00000010,Adventist Health System,Altamonte Springs,FL,1,1,1,INS00000053,9100275,4165,1891,731,301,37,35,3,6455,326531,189.21,0,0,0,0,1,1,0,1,1,1,1,0,
HSI00000011,Adventist Health,Roseville,CA,1,1,1,INS00000052,9100817,0235,994,429,142,26,25,3,2625,131454,84.8,0,0,0,0,1,1,0,1,1,1,1,0,
HSI00000012,Adventist HealthCare,Gaithersburg,MD,1,1,1,INS00000051,9101089,0214,253,80,27,4,2,1,561,27993,0,0,0,0,0,0,1,0,0,1,0,0,0,
HSI00000013,Advocate Health Care,Downers Grove,IL,1,1,1,INS00000054,9100533,0064,2496,986,258,14,11,2,2996,160811,639.19,0,0,1,1,1,1,0,1,1,0,1,0,
HSI00000015,Agnesian Healthcare,Fond Du Lac,WI,1,1,0,INS00118382,9101519,,167,61,20,3,3,1,175,7244,0,0,0,0,0,0,0,0,0,0,0,1,0,
HSI00000018,Alameda Health System,Oakland,CA,1,1,1,INS00643881,9103151,0225,393,142,3,4,3,1,258,16550,123.55,0,0,1,1,2,1,1,1,1,1,0,0,
HSI00000019,Albany Medical Center,Albany,NY,1,1,0,INS00545083,9102791,,797,175,14,2,2,1,683,33846,341.63,0,0,1,0,2,0,0,0,1,0,0,0,
HSI00000020,Albert Einstein Healthcare Network,Philadelphia,PA,1,1,1,INS00487220,9100168,1685,841,293,79,3,2,1,577,35613,333.31,0,0,1,1,2,1,0,0,0,0,0,0,
HSI00000021,"Alecto Healthcare Services, LLC",Irvine,CA,1,0,0,INS00762248,,,82,14,4,4,4,3,710,19896,0,1,0,0,0,0,1,1,1,1,1,0,0,
HSI00000025,Allegheny Health Network,Pittsburgh,PA,1,1,1,INS00000511,9101755,0199,2784,357,157,8,8,2,1883,81194,548.26,0,0,1,1,2,0,0,0,1,1,0,0,
HSI00000029,Allina Health System,Minneapolis,MN,1,1,1,INS00000061,9100904,0041,1548,742,143,15,14,2,1653,108049,64.59,0,0,0,0,1,0,0,0,1,0,0,0,
HSI00000032,Altru Health System,Grand Forks,ND,1,1,0,INS00084364,9100521,,267,124,21,2,1,1,253,13557,29.05,0,0,0,0,1,0,0,0,0,0,0,0,
HSI00000034,Anderson Regional Medical Center,Meridian,MS,1,0,0,INS00721843,,,70,13,26,2,2,1,289,10758,0.04,0,0,0,0,1,0,0,0,0,1,1,0,
HSI00000036,Ann and Robert H Lurie Childrens Hospital,Chicago,IL,1,0,0,INS00000123,,,369,124,5,1,1,1,288,12422,247.08,0,2,1,1,2,0,0,0,1,0,0,0,
HSI00000037,Anna Jacques Hospital,Newburyport,MA,1,1,0,INS00643190,9101515,,65,15,7,1,1,1,120,5470,0,0,0,0,0,0,0,0,0,0,0,0,0,
HSI00000038,"Anne Arundel Health System, Inc",Annapolis,MD,1,1,0,INS00084365,9103375,,396,82,72,1,1,1,375,26064,0,0,0,0,0,0,0,0,0,1,0,0,0,
HSI00000041,Appalachian Regional Healthcare,Lexington,KY,0,1,1,,9100377,0145,168,40,2,10,10,2,726,26205,12.28,0,0,0,0,1,1,0,1,0,0,0,0,
HSI00000042,Appalachian Regional Healthcare System,Boone,NC,1,0,1,INS00539462,,0866,73,30,14,2,2,1,119,4647,0,0,0,0,0,0,0,0,0,0,0,0,0,
HSI00000044,ArchCare,New York,NY,1,1,0,INS00000115,9102830,,64,42,1,1,1,1,225,3024,0,0,0,0,0,0,0,0,0,1,0,0,1,H1777; H4393
HSI00000045,Archbold Medical Center,Thomasville,GA,1,0,1,INS00084366,,0104,114,37,24,4,4,1,322,11711,0,0,0,0,0,0,1,1,1,1,0,0,0,
HSI00000046,Ardent Health Services,Nashville,TN,1,0,1,INS00106669,,0069,519,212,78,17,16,3,1920,85773,81.2,1,0,0,0,1,1,0,0,0,1,1,0,
HSI00000048,Jefferson Health,Philadelphia,PA,1,0,0,INS00487210,,,1816,517,158,7,7,1,1982,97628,887.49,0,0,1,1,2,0,0,0,1,1,1,0,
HSI00000050,Arkansas Childrens Hospital,Little Rock,AR,1,0,0,INS00642734,,,278,126,7,1,1,1,336,9776,158.86,0,2,1,0,2,0,0,0,0,0,0,0,
HSI00000052,Arnot Health,Elmira,NY,1,1,1,INS00490876,9103269,0809,168,74,22,3,3,1,288,11737,47.82,0,0,0,0,1,1,0,0,0,1,0,0,
HSI00000054,Asante Health System,Medford,OR,1,1,1,INS00059461,9101759,0094,219,90,25,3,3,1,453,25974,0,0,0,0,0,0,0,1,0,1,0,0,0,
HSI00000055,Ascension Health,Saint Louis,MO,1,1,1,INS00000068,9100590,0198,10502,3931,1247,136,122,3,18097,859639,2062.41,0,1,1,0,1,1,0,1,1,1,1,1,H1181; H5215; H1518; H1714; H8769; H4198
HSI00000056,Kings Daughters Medical Center,Ashland,KY,1,0,0,INS00514896,,,133,51,38,2,1,2,466,13330,0,0,0,0,0,0,0,0,0,0,0,0,0,
HSI00000057,Aspirus Inc,Wausau,WI,0,1,1,,9102524,0519,300,137,81,10,10,2,545,22404,14.77,0,0,0,0,1,0,0,1,1,0,1,0,
HSI00000060,Atlantic Health System,Morristown,NJ,1,1,1,INS00000069,9101463,0865,886,348,65,5,5,1,1563,83951,269.7,0,0,1,0,1,0,0,0,1,1,0,0,
HSI00000064,Augusta University Medical Center,Augusta,GA,1,1,0,INS00000251,9102719,,1022,274,16,3,2,1,495,20524,470.38,0,0,1,1,2,1,0,0,0,0,0,0,
HSI00000065,Aultman Health Foundation,Canton,OH,1,0,1,INS00000071,,0859,171,62,15,3,2,1,455,20090,69.53,0,0,0,0,1,0,0,0,1,1,1,1,H3664
HSI00000066,"Aurora Health Care, Inc",Milwaukee,WI,1,1,1,INS00000072,9100474,2215,2075,809,275,15,14,1,1951,96823,141.12,0,0,0,0,1,1,0,0,1,1,1,0,
HSI00000067,Avanti Hospitals,El Segundo,CA,1,1,1,INS00772419,9103333,0869,61,12,1,4,4,1,403,16060,0,1,0,0,0,0,1,0,1,0,1,0,0,
HSI00000068,Avera Health,Sioux Falls,SD,1,1,1,INS00000073,9100511,5255,734,308,177,35,35,3,1364,43763,46.6,0,0,0,0,1,0,0,1,0,1,1,0,
HSI00000070,BJC HealthCare,Saint Louis,MO,1,1,1,INS00000091,9101098,0051,2021,585,128,19,17,2,3603,152714,900.53,0,1,1,1,1,0,0,1,1,1,1,0,
HSI00000071,Bingham Memorial Hospital,Blackfoot,ID,1,0,0,INS00752685,,,65,15,14,1,1,1,25,2041,3.93,0,0,0,0,1,0,0,0,0,0,0,0,
HSI00000073,Banner Health,Phoenix,AZ,1,1,1,INS00104604,9100735,0194,3003,1041,178,32,30,3,4432,218186,186.72,0,0,0,0,1,1,1,1,1,1,1,1,H4931
HSI00000074,Baptist Health,Little Rock,AR,1,1,1,INS00000080,9100642,0355,223,92,73,9,6,1,1096,45239,7.08,0,0,0,0,1,1,0,0,0,0,1,1,H9699
HSI00000075,Baptist Health,Jacksonville,FL,1,1,1,INS00084367,9101303,0005,335,178,68,3,3,1,1069,64610,81.5,0,0,0,0,1,0,1,0,0,0,0,0,
HSI00000076,Baptist Health Care,Pensacola,FL,1,1,1,INS00000077,9100911,0185,174,62,41,6,5,2,406,22832,0,0,0,0,0,0,0,0,0,1,1,1,0,
HSI00000077,Baptist Health South Florida,Coral Gables,FL,1,1,1,INS00000078,9102828,0122,577,168,51,6,6,1,1739,82126,13.42,0,0,0,0,1,1,1,1,1,1,0,0,
HSI00000080,"Baptist Healthcare System, Inc",Louisville,KY,1,1,1,INS00000084,9100372,0315,680,253,125,9,9,1,1959,99109,19.16,0,0,0,0,1,1,0,0,1,0,1,1,H8289
HSI00000081,Baptist Memorial Health Care Corporation,Memphis,TN,1,1,1,INS00000083,9100355,1625,794,195,149,19,17,3,2220,88755,64.58,0,0,0,0,1,1,0,1,1,1,1,0,
HSI00000086,Barton HealthCare System,South Lake Tahoe,CA,1,0,0,INS00528518,,,95,31,11,2,2,2,86,2955,0,0,0,0,0,0,0,1,1,0,0,0,0,
HSI00000087,Bassett Healthcare Network,Cooperstown,NY,1,1,1,INS00000086,9101002,0528,404,142,55,5,5,1,301,12103,54.16,0,0,1,0,1,0,0,1,1,0,0,0,
HSI00000089,Baton Rouge General Health System,Baton Rouge,LA,1,1,0,INS00523156,9100630,,165,83,18,1,1,1,253,14317,66.55,0,0,1,0,2,0,0,0,1,0,0,0,
HSI00000094,"Bayhealth, Inc",Dover,DE,1,1,0,INS00084368,9101757,,152,41,34,2,2,1,405,16509,0,0,0,0,0,0,0,0,0,1,0,0,0,
HSI00000096,Baylor Scott and White Health,Dallas,TX,1,1,1,INS00755033,9101481,0918,2743,1015,280,36,31,1,3855,182017,566.14,0,1,1,1,1,0,0,1,1,1,1,1,H4564; H8237
HSI00000097,Baystate Health,Springfield,MA,1,1,1,INS00000089,9100003,1095,803,273,71,5,5,1,922,46725,323.23,0,0,1,0,2,1,0,0,1,1,1,1,H8578
HSI00000098,Beacon Health System,South Bend,IN,1,1,1,INS00493310,9102130,0940,275,115,38,3,2,1,635,30710,29.66,0,0,0,0,1,1,0,0,1,1,1,0,
HSI00000100,Beaufort Memorial Hospital,Beaufort,SC,1,0,0,INS00644845,,,73,27,14,1,1,1,167,8345,0,0,0,0,0,0,0,0,0,0,0,1,0,
HSI00000101,Beaumont Health Systems,Southfield,MI,1,1,1,INS00000514,9100432,0953,1818,603,110,8,8,1,2976,178224,840.66,0,0,1,1,2,0,0,0,1,0,0,0,
HSI00000103,Beebe Healthcare,Lewes,DE,1,1,0,INS00772936,9103241,,85,26,11,1,1,1,193,10257,0,0,0,0,0,0,0,0,0,0,1,0,0,
HSI00000105,Bellin Health Systems,Green Bay,WI,1,1,0,INS00084369,9102662,,211,97,58,3,2,1,171,8530,0,0,0,0,0,0,0,0,0,1,0,0,0,
HSI00000106,"Beloit Health System, Inc",Beloit,WI,1,1,0,INS00773300,9103359,,82,24,3,1,1,1,103,4147,0,0,0,0,0,0,0,0,0,0,0,0,0,
HSI00000107,Benefis Healthcare System,Great Falls,MT,1,1,1,INS00642236,9100523,0538,104,28,8,3,3,1,316,10924,0,0,0,0,0,0,0,0,0,0,0,0,0,
HSI00000108,Berger Health System,Circleville,OH,1,1,0,INS00493388,9101304,,97,19,10,1,1,1,74,1948,0,0,0,0,0,0,0,1,1,1,0,0,0,
HSI00000109,"Berkshire Health Systems, Inc",Pittsfield,MA,1,1,1,INS00014892,9100004,2435,262,94,15,2,2,1,238,13460,62.56,0,0,1,0,2,0,0,0,0,0,0,0,
HSI00000110,Beth Israel Deaconess Medical Center,Boston,MA,1,1,0,INS00365858,9101310,,1327,372,77,4,4,1,921,55495,513.67,0,0,1,1,2,0,0,0,1,0,0,0,
HSI00000112,"Bethesda Health, Inc",Boynton Beach,FL,1,1,0,INS00721912,9102660,,58,16,7,1,1,1,395,22225,21,0,0,0,0,1,0,0,0,0,1,0,0,
HSI00000114,Billings Clinic,Billings,MT,1,1,0,INS00084375,9103334,,373,145,16,7,7,2,389,16711,23.79,0,0,0,0,1,0,0,1,1,0,1,0,
HSI00000117,Blessing Health System,Quincy,IL,1,0,0,INS00058024,,,90,34,12,2,2,1,253,11428,16.42,0,0,0,0,1,0,0,0,0,0,0,0,
HSI00000121,Boca Raton Regional Hospital,Boca Raton,FL,1,0,0,INS00538377,,,123,42,14,1,1,1,365,18808,37.97,0,0,0,0,1,0,0,0,0,1,0,0,
HSI00000125,"Bon Secours Health System, Inc",Marriottsvl,MD,1,1,1,INS00000092,9100197,5085,918,386,229,12,12,3,2044,106703,66.21,0,0,0,0,1,1,0,0,1,1,1,0,
HSI00000130,Boston Childrens Hospital,Boston,MA,1,0,0,INS00000125,,,1515,465,8,2,1,1,415,15255,323.72,0,2,1,1,2,0,0,0,1,0,0,0,
HSI00000131,Boston Medical Center,Boston,MA,1,1,0,INS00000093,9102661,,917,421,30,1,1,1,442,25131,522.46,0,0,1,1,2,1,1,1,1,0,1,1,H9585
HSI00000132,Boulder Community Health,Boulder,CO,1,1,0,INS00721847,9103279,,147,60,22,1,1,1,139,8735,0.49,0,0,0,0,1,0,0,0,1,1,0,0,
HSI00000135,Bozeman Deaconess Hospital,Bozeman,MT,1,0,1,INS00753262,,1000,136,51,18,1,1,1,81,5484,0,0,0,0,0,0,0,0,0,0,0,,0,
HSI00000139,Bronson Healthcare,Kalamazoo,MI,1,1,1,INS00000095,9100454,0595,421,133,57,4,3,1,614,34319,108.3,0,0,1,0,1,1,0,0,1,1,0,0,
HSI00000140,Bronx-Lebanon Hospital Center Healthcare System,Bronx,NY,1,1,0,INS00000096,9103308,,508,213,15,1,1,1,460,28167,317.8,0,0,1,1,2,1,0,0,1,1,1,0,
HSI00000143,Bryan Health,Lincoln,NE,1,1,1,INS00000097,9101421,0400,98,33,9,4,4,1,510,20777,16.26,0,0,0,0,1,0,0,0,0,1,1,0,
HSI00000146,Butler Health System,Butler,PA,1,1,0,INS00260825,9102659,,83,44,12,1,1,1,275,11040,0,0,0,0,0,0,0,0,0,0,1,0,0,
HSI00000147,"CAMC Health System, Inc",Charleston,WV,1,1,0,INS00000098,9101104,,302,95,19,5,5,1,801,35416,139.39,0,0,0,0,1,0,0,0,0,0,0,0,
HSI00000148,CGH Medical Center,Sterling,IL,1,0,0,INS00642239,,,58,26,14,1,1,1,97,4648,0,0,0,0,0,0,0,0,0,0,0,0,0,
HSI00000152,CHRISTUS Health,Irving,TX,1,1,1,INS00000128,9100690,0192,1444,482,128,39,25,3,3603,154944,108.91,0,1,0,0,1,1,1,1,1,1,1,1,H1189
HSI00000154,"Cabell Huntington Hospital, Inc",Huntington,WV,1,0,0,INS00762790,,,312,118,36,1,1,1,288,15747,116.67,0,0,1,0,2,1,1,0,0,1,0,0,
HSI00000155,Calvert Health System,Prince Frederick,MD,1,0,0,INS00707741,,,58,22,10,1,1,1,77,6312,0,0,0,0,0,0,0,0,0,0,0,1,0,
HSI00000156,Cambridge Health Alliance,Cambridge,MA,1,1,0,INS00014893,9101903,,439,193,21,2,2,1,198,7711,101.1,0,0,1,0,2,1,1,1,1,0,0,1,H2221
HSI00000159,Campbell County Memorial Hospital,Gillette,WY,1,0,0,INS00496854,,,54,18,2,1,1,1,66,2540,0,0,0,0,0,0,0,0,0,0,0,0,0,
HSI00000161,"Cape Cod Healthcare, Inc",Hyannis,MA,1,1,1,INS00000099,9101422,0124,195,58,19,2,2,1,334,21226,0,0,0,0,0,0,0,0,0,1,0,0,0,
HSI00000162,Cape Fear Valley Health System,Fayetteville,NC,1,1,1,INS00000100,9101723,0835,206,91,26,4,2,1,539,30338,23.61,0,0,0,0,1,1,1,1,1,0,1,0,
HSI00000164,Capital Health System,Trenton,NJ,1,1,1,INS00106670,9101523,0297,226,116,12,2,2,1,362,23887,39.71,0,0,0,0,1,0,0,0,1,0,0,0,
HSI00000165,Capital Region Health Care,Concord,NH,1,1,0,INS00000101,9101308,,303,145,42,1,1,1,191,13141,26.82,0,0,0,0,1,0,0,0,1,0,0,0,
HSI00000166,"Care New England Health System, Inc",Providence,RI,1,1,1,INS00000105,9101967,0099,601,190,14,4,3,1,677,26744,177.48,0,0,1,0,2,1,0,0,1,1,1,0,
HSI00000169,CarePoint Health,Jersey City,NJ,1,1,1,INS00773756,9103306,0931,195,62,10,3,3,1,445,19457,56.22,1,0,1,0,1,1,1,1,0,1,,0,
HSI00000170,Carilion Clinic,Roanoke,VA,1,1,1,INS00000106,9100219,0070,837,321,112,7,7,1,884,43955,233.27,0,0,1,0,2,0,0,1,1,0,0,0,
HSI00000171,CaroMont Health System,Gastonia,NC,1,1,0,INS00538826,9102647,,214,75,47,1,1,1,370,20680,0,0,0,0,0,0,0,0,0,1,1,0,1,H4235
HSI00000172,CarolinaEast Health System,New Bern,NC,1,1,0,INS00649799,9102855,,102,46,15,1,1,1,278,12490,0,0,0,0,0,0,0,0,0,0,0,1,0,
HSI00000173,Carolinas HealthCare System,Charlotte,NC,1,1,1,INS00000108,9101228,0705,3339,1339,448,34,31,3,5106,256498,411.89,0,0,1,0,1,0,0,1,1,1,1,0,
HSI00000178,Carson Tahoe Health,Carson City,NV,1,1,0,INS00555727,9103264,,77,26,19,4,2,1,184,11286,0,0,0,0,0,0,0,0,0,0,1,0,0,
HSI00000182,Catawba Valley Medical Center,Hickory,NC,1,0,0,INS00503953,,,64,27,15,1,1,1,200,10244,0,0,0,0,0,0,0,0,0,0,0,0,0,
HSI00000183,Catholic Health Initiatives,Englewood,CO,1,1,1,INS00000114,9100619,0092,5422,1926,773,112,102,3,12475,600055,1112.79,0,0,1,1,1,1,0,1,1,1,1,1,H3233; H7903; H4488; H3765; H6947; H9208; H9302; H9492
HSI00000186,Catholic Health Services of Long Island,Rockville Centre,NY,1,1,1,INS00261054,9101904,0233,764,221,36,7,7,2,1938,83824,84.3,0,0,0,0,1,0,0,0,1,1,1,0,
HSI00000188,Catholic Medical Center,Manchester,NH,1,0,0,INS00000111,,,93,40,14,1,1,1,228,11954,0,0,0,0,0,0,0,0,0,1,0,0,0,
HSI00000189,Cayuga Medical Center,Ithaca,NY,1,0,1,INS00644963,,0991,87,29,17,2,2,1,169,5672,0,0,0,0,0,0,0,0,0,1,0,0,0,
HSI00000190,Cedars-Sinai Health System,West Hollywood,CA,1,1,1,INS00000117,9101235,0984,1258,296,32,2,2,1,940,59231,349.27,0,0,1,0,2,0,0,0,1,1,1,0,
HSI00000191,Centegra Health System,Crystal Lake,IL,1,1,1,INS00084372,9101781,0298,143,69,30,2,2,1,223,13132,0,0,0,0,0,0,0,1,0,1,1,0,0,
HSI00000192,Centra Health,Lynchburg,VA,1,1,1,INS00107696,9100220,2265,249,97,33,6,5,1,553,28492,16.5,0,0,0,0,1,0,0,0,1,0,1,1,H8096
HSI00000193,CentraCare Health System,Saint Cloud,MN,1,1,1,INS00000118,9101524,0184,338,145,43,6,6,1,596,28728,15.11,0,0,0,0,1,0,0,0,1,0,0,0,
HSI00000194,CentraState Healthcare System,Freehold,NJ,1,1,0,INS00538328,9102667,,115,40,7,1,1,1,245,13373,18.02,0,0,0,0,1,0,0,0,1,1,0,0,
HSI00000197,Central Maine Healthcare,Lewiston,ME,1,1,1,INS00261036,9101424,1007,254,112,30,3,3,1,278,12054,19.17,0,0,0,0,1,0,0,0,1,0,0,0,
HSI00000201,Charlotte Hungerford Hospital,Torrington,CT,1,0,0,INS00770152,,,62,15,19,1,1,1,91,4916,0,0,0,0,0,0,0,1,1,0,0,0,0,
HSI00000202,Chartercare Health Partners,Providence,RI,0,1,1,,9102827,0934,186,84,8,2,2,1,280,10744,63.44,0,0,1,0,1,0,0,0,1,0,,0,
HSI00000203,Erlanger Health System,Chattanooga,TN,1,1,1,INS00000166,9100349,0525,300,106,20,3,3,1,631,33801,153.75,0,0,1,0,1,0,0,1,1,0,1,0,
HSI00000205,Chesapeake Regional Medical Center,Chesapeake,VA,1,0,0,INS00572360,,,61,14,3,1,1,1,310,16527,0,0,0,0,0,0,0,1,0,1,1,0,0,
HSI00000207,Children's Hospitals & Clinics Of Minnesota,Minneapolis,MN,0,1,0,,9100494,,212,84,7,1,1,1,411,14687,48.71,0,2,0,0,1,0,0,0,0,0,0,0,
HSI00000208,Childrens Health,Dallas,TX,1,0,0,INS00000124,,,434,187,26,2,2,1,373,11946,106.57,0,2,1,0,2,0,0,0,1,0,0,0,
HSI00000209,Childrens Healthcare of Atlanta,Atlanta,GA,1,1,0,INS00000122,9101907,,485,173,35,3,3,1,551,25329,161.53,0,2,1,0,2,0,0,0,0,0,,0,
HSI00000210,Childrens Hospital Los Angeles,Los Angeles,CA,1,0,0,INS00643348,,,548,175,22,1,1,1,357,16298,205.96,0,2,1,0,2,0,0,0,1,0,0,0,
HSI00000211,Childrens Hospital Medical Center of Akron,Akron,OH,1,0,0,INS00642041,,,426,229,32,1,1,1,384,10377,116.16,0,2,1,0,2,0,0,0,1,0,0,0,
HSI00000212,Childrens Hospital and Health System,Wauwatosa,WI,1,1,1,INS00538359,9102680,0407,525,234,28,2,2,1,348,11262,215.2,0,2,1,1,2,0,0,0,1,0,1,0,
HSI00000213,Childrens Hospital and Medical Center,Omaha,NE,1,0,0,INS00643987,,,203,91,23,1,1,1,140,4669,31.09,0,2,0,0,1,0,0,0,0,0,0,0,
HSI00000214,Childrens Hospital of Orange County,Orange,CA,1,0,0,INS00579538,,,208,75,11,2,2,1,333,14143,77.05,0,2,1,0,1,0,0,0,1,0,0,0,
HSI00000215,"Childrens Hospital of the Kings Daughters, Inc",Norfolk,VA,1,1,0,INS00593616,9103245,,347,199,31,1,1,1,206,5452,92.36,0,2,1,0,2,0,0,0,0,0,0,0,
HSI00000216,Childrens National Medical Center,Washington,DC,1,1,0,INS00260819,9103266,,804,319,30,2,2,1,313,14893,279.04,0,2,1,1,2,0,0,0,0,0,1,0,
HSI00000217,Childrens of Alabama,Birmingham,AL,1,1,0,INS00643869,9102679,,323,159,16,1,1,1,345,15462,123.9,0,2,1,0,2,0,0,0,0,0,0,0,
HSI00000218,Christiana Care Health System,Wilmington,DE,1,1,1,INS00000129,9100180,0131,581,182,75,1,1,1,1033,51634,264.88,0,0,1,0,2,0,0,0,1,1,0,0,
HSI00000224,Cincinnati Childrens Hospital Medical Center,Cincinnati,OH,1,0,0,INS00643883,,,1013,330,18,1,1,1,582,19581,355.41,0,2,1,1,2,0,0,0,0,0,0,0,
HSI00000225,Citizens Memorial Healthcare,Bolivar,MO,1,1,0,INS00644995,9102365,,71,30,31,1,1,1,52,2908,0,0,0,0,0,0,0,0,0,0,0,0,0,
HSI00000231,Coastal Carolinas Health Alliance,Wilmington,NC,1,0,0,INS00118412,,,163,66,15,2,2,1,108,3910,7.39,0,0,0,0,1,0,0,0,0,0,0,0,
HSI00000236,Columbia Memorial Hospital,Hudson,NY,1,0,0,INS00753843,,,64,21,14,1,1,1,93,5223,0,0,0,0,0,0,0,0,0,0,0,0,0,
HSI00000240,Columbus Regional Health,Columbus,IN,1,0,0,INS00753228,,,94,43,20,1,1,1,150,8612,0,0,0,0,0,0,0,1,0,0,0,1,0,
HSI00000241,Columbus Regional Healthcare System,Columbus,GA,1,1,1,INS00000135,9101012,0161,104,53,10,4,3,1,363,15388,37.35,0,0,0,0,1,1,0,0,0,0,0,0,
HSI00000244,Commonwealth Health Corporation,Bowling Green,KY,1,1,1,INS00059462,9101685,0520,180,65,8,6,5,1,418,18492,2.25,0,0,0,0,1,1,0,1,1,1,1,0,
HSI00000246,"Community Foundation of Northwest Indiana, Inc",Munster,IN,1,0,1,INS00106225,,0249,229,62,49,3,3,1,755,34381,0,0,0,0,0,0,1,0,0,1,0,0,0,
HSI00000248,"Community Health Network, Inc",Indianapolis,IN,1,1,1,INS00000137,9101687,0401,691,287,167,9,7,1,1051,54580,57.93,0,0,1,1,1,1,0,1,0,1,1,0,
HSI00000249,"Community Health Systems, Inc",Franklin,TN,1,1,1,INS00000139,9101109,0080,4283,1594,579,161,156,3,20882,805109,418.8,1,0,1,0,1,1,0,1,1,1,1,0,
HSI00000251,Community Hospital Corporation,Plano,TX,1,0,1,INS00753852,,0384,115,32,2,16,9,3,708,25544,0,0,0,0,0,0,1,1,1,1,1,0,0,
HSI00000253,Community Medical Centers,Clovis,CA,1,1,1,INS00000136,9100788,1085,229,44,17,4,3,1,1032,57194,219.66,0,0,1,0,1,1,1,1,0,0,,0,
HSI00000254,"Community Medical Center, Inc",Missoula,MT,1,0,0,INS00644805,,,58,27,15,1,1,1,,,,,,,,,,,,0,0,1,0,
HSI00000255,Community Memorial Health System,Ventura,CA,1,1,1,INS00753238,9103260,0990,144,58,9,2,2,1,201,12240,30.74,0,0,0,0,1,0,0,0,1,0,0,0,
HSI00000266,Confluence Health,Wenatchee,WA,1,0,0,INS00739843,,,322,125,18,2,2,1,190,11133,0,0,0,0,0,0,0,0,0,0,0,0,0,
HSI00000267,Congregation Of The Sisters Of St Joseph Of Peace,Englewood Cliffs,NJ,0,1,0,,9100060,,64,18,2,1,1,1,284,13718,0,0,0,0,0,0,0,0,0,1,1,0,0,
HSI00000268,Connecticut Children's Health System,Hartford,CT,0,1,0,,9103293,,96,11,0,1,1,1,187,6416,88.16,0,2,1,0,2,0,0,0,0,0,1,0,
HSI00000270,Contra Costa Health Services,Martinez,CA,1,1,0,INS00753240,9102665,,338,245,5,1,1,1,124,7771,36.08,0,0,1,0,2,1,0,0,0,1,1,1,H0502
HSI00000271,Conway Medical Center,Conway,SC,1,0,0,INS00753261,,,88,26,17,1,1,1,166,9144,0,0,0,0,0,0,0,0,0,0,0,0,0,
HSI00000273,Cook Childrens Health Care System,Fort Worth,TX,1,1,0,INS00539485,9102783,,379,195,59,2,2,1,372,11616,8.05,0,2,0,0,1,0,0,1,1,0,1,0,
HSI00000274,Cook County Health and Hospital System,Chicago,IL,1,1,1,INS00000144,9101111,0016,547,181,18,2,2,1,473,21772,492.85,0,0,1,1,2,1,1,1,0,0,1,0,
HSI00000275,Cookeville Regional Health System,Cookeville,TN,1,1,0,INS00773219,9103286,,65,23,5,2,2,1,251,13720,0,0,0,0,0,0,0,0,0,0,0,0,0,
HSI00000283,Cottage Health System,Santa Barbara,CA,1,1,1,INS00000145,9101856,0103,86,27,4,5,3,1,364,18699,55.21,0,0,0,0,1,0,0,0,1,0,0,0,
HSI00000286,Covenant Health,Knoxville,TN,1,1,1,INS00000149,9102087,0123,269,76,44,10,9,1,1243,68272,0,0,0,0,0,0,0,0,0,1,0,0,0,
HSI00000287,"Covenant Health Systems, Inc",Tewksbury,MA,1,1,1,INS00000146,9100025,5885,185,82,21,3,3,2,436,13990,0,0,0,0,0,0,0,0,1,1,0,0,0,
HSI00000288,Covenant HealthCare,Saginaw,MI,1,1,0,INS00528603,9102678,,156,70,36,1,1,1,460,26255,62.07,0,0,0,0,1,0,0,0,0,1,0,0,
HSI00000289,Covenant Ministries of Benevolence,Chicago,IL,1,1,0,INS00489285,9100556,,235,110,13,1,1,1,226,11339,47.03,0,0,0,0,1,1,0,0,1,1,1,0,
HSI00000290,Cox Medical Center,Springfield,MO,1,1,1,INS00000150,9100603,0179,749,192,88,3,3,1,700,36779,24.22,0,0,0,0,1,0,0,1,0,1,1,0,
HSI00000293,Crouse Health System,Syracuse,NY,1,1,0,INS00773755,9102796,,142,47,5,1,1,1,487,19813,41.33,0,0,0,0,1,1,0,0,0,0,0,0,
HSI00000297,DCH Health System,Tuscaloosa,AL,1,1,1,INS00000154,9100324,1825,51,13,4,3,3,1,567,34710,46.74,0,0,0,0,1,0,0,0,0,1,0,0,
HSI00000298,Parkland Health and Hospital System,Dallas,TX,1,1,0,INS00000322,9102602,,210,125,28,1,1,1,794,50786,576.93,0,0,1,1,2,1,1,1,0,0,1,0,
HSI00000299,Dartmouth-Hitchcock,Lebanon,NH,1,1,0,INS00490206,9100928,,1498,389,105,7,7,2,733,33366,346.61,0,0,1,1,2,0,0,0,1,0,1,0,
HSI00000301,Day Kimball Healthcare,Putnam,CT,1,0,0,INS00642226,,,70,38,24,1,1,1,104,3422,0,0,0,0,0,0,0,0,0,1,0,0,0,
HSI00000302,Dayton Childrens,Dayton,OH,1,0,0,INS00644844,,,135,59,10,1,1,1,155,7354,58,0,2,1,0,2,0,0,0,0,0,0,0,
HSI00000304,"DeKalb Medical Center, Inc",Decatur,GA,1,1,1,INS00411112,9103247,0330,209,81,34,3,2,1,479,24394,13,0,0,0,0,1,1,1,1,1,0,0,0,
HSI00000305,Deaconess Health System,Evansville,IN,1,1,1,INS00485319,9102320,0313,312,126,41,4,3,1,598,31739,22.8,0,0,0,0,1,1,0,0,1,0,1,0,
HSI00000307,Denver Health,Denver,CO,1,1,0,INS00084376,9102823,,294,147,41,1,1,1,336,18480,199.8,0,0,1,0,2,1,0,0,0,1,1,1,H5608
HSI00000314,Dignity Health,San Francisco,CA,1,1,1,INS00000116,9101496,5205,2403,870,329,40,39,3,7452,376254,219.61,0,0,1,0,1,1,0,1,1,1,1,0,
HSI00000315,Dimensions Healthcare System,Cheverly,MD,1,1,1,INS00000155,9100192,0029,394,61,6,2,2,1,383,18521,46.9,0,0,0,0,1,1,1,1,0,0,0,0,
HSI00000318,Doctors Hospital at Renaissance,Edinburg,TX,1,0,0,INS00645204,,,51,23,10,1,1,1,449,29681,7.82,1,0,0,0,1,1,1,1,0,0,1,0,
HSI00000320,Doylestown Hospital,Doylestown,PA,1,0,0,INS00721575,,,78,15,4,1,1,1,232,13500,0,0,0,0,0,0,0,0,0,1,1,0,0,
HSI00000321,Driscoll Childrens Hospital,Corpus Christi,TX,1,0,0,INS00469072,,,129,39,10,1,1,1,162,3664,43.8,0,2,1,0,2,0,0,0,0,0,1,0,
HSI00000323,Duke University Health System,Durham,NC,1,1,1,INS00000157,9101511,0190,1686,451,212,3,3,1,1371,66781,662.18,0,0,1,1,2,0,0,1,1,1,0,0,
HSI00000325,East Alabama Medical Center,Opelika,AL,1,0,0,INS00722798,,,86,30,20,2,2,1,315,14626,0,0,0,0,0,0,0,0,0,0,0,0,0,
HSI00000326,East Jefferson General Hospital,Metairie,LA,1,0,0,INS00652725,,,172,47,25,1,1,1,339,12723,31.65,0,0,0,0,1,0,0,0,1,1,0,0,
HSI00000327,"East Tennessee Childrens Hospital Association, Inc",Knoxville,TN,1,0,0,INS00642040,,,186,150,48,1,1,1,,,,,2,,,,,,,0,0,,0,
HSI00000328,East Texas Medical Center Regional Healthcare System,Tyler,TX,1,1,1,INS00000160,9100674,1895,193,97,62,15,12,1,880,33213,0,0,0,0,0,0,1,0,1,0,1,1,0,
HSI00000329,Eastern Connecticut Health Network,Manchester,CT,1,1,1,INS00000158,9101317,0270,112,37,12,2,2,1,242,10088,28.01,0,0,0,0,1,0,1,1,1,0,,0,
HSI00000330,Eastern Maine Healthcare Systems,Brewer,ME,1,1,1,INS00000159,9100045,0555,737,295,66,15,12,1,276,12259,0,0,0,0,0,0,0,0,1,1,0,1,0,
HSI00000334,Edward Elmhurst Healthcare,Naperville,IL,1,1,1,INS00406855,9103255,0926,395,144,48,3,2,1,580,38146,0,0,0,0,0,0,0,0,0,1,1,0,0,
HSI00000335,Eisenhower Medical Center,Rancho Mirage,CA,1,0,0,INS00084377,,,290,106,29,1,1,1,370,19116,53.44,0,0,0,0,1,0,0,0,0,0,0,0,
HSI00000336,El Camino Hospital,Mountain View,CA,1,0,0,INS00538819,,,117,19,3,2,2,1,388,21566,0,0,0,0,0,0,0,0,0,0,1,0,0,
HSI00000338,Elliot Health System,Manchester,NH,1,1,0,INS00000162,9102677,,241,98,38,1,1,1,195,11777,0,0,0,0,0,0,0,0,0,1,0,1,0,
HSI00000339,Ellis Medicine,Schenectady,NY,1,1,0,INS00610134,9102797,,217,92,21,2,2,1,350,17389,37.09,0,0,0,0,1,0,0,0,1,0,0,0,
HSI00000340,Emerson Hospital Health System,Concord,MA,1,1,0,INS00773415,9102683,,85,29,2,1,1,1,119,5886,0,0,0,0,0,0,0,0,0,0,0,0,0,
HSI00000342,"Emory Healthcare, Inc",Atlanta,GA,1,1,1,INS00000163,9101890,0256,3036,487,119,6,4,1,1363,68778,429.86,0,0,1,0,2,0,0,0,1,0,0,0,
HSI00000345,Enloe Medical Center,Chico,CA,1,0,0,INS00538327,,,92,20,9,1,1,1,258,15668,0,0,0,0,0,0,0,0,0,0,0,0,0,
HSI00000346,Ephraim McDowell Health,Danville,KY,1,1,1,INS00261009,9102675,0959,53,12,16,2,2,1,195,7761,0,0,0,0,0,0,0,1,0,0,0,1,0,
HSI00000347,"Episcopal Health Services, Inc",Bethpage,NY,1,0,0,INS00000164,,,125,48,,1,1,1,170,7423,138.39,0,0,1,1,2,1,0,0,0,1,0,0,
HSI00000349,Eskenazi Health,Indianapolis,IN,1,1,0,INS00642255,9103309,,223,139,15,1,1,1,317,16242,158.91,0,0,1,0,2,1,1,1,0,1,1,0,
HSI00000350,Essentia Health,Duluth,MN,1,1,1,INS00058029,9101707,0396,1472,383,71,16,16,3,983,39087,18.09,0,0,0,0,1,1,0,0,1,0,0,0,
HSI00000352,Evangelical Community Hospital,Lewisburg,PA,1,0,0,INS00644967,,,74,29,17,1,1,1,120,5616,0,0,0,0,0,0,0,0,0,1,0,0,0,
HSI00000353,Evergreen Health,Kirkland,WA,0,1,0,,9103280,,113,47,5,2,2,1,331,20890,0,0,0,0,0,0,0,0,1,0,1,0,0,
HSI00000354,Excela Health,Greensburg,PA,1,1,1,INS00470721,9100133,2395,197,73,51,3,3,1,390,25016,17.27,0,0,0,0,1,0,0,0,0,1,0,0,
HSI00000355,"Exeter Health Resources, Inc",Exeter,NH,1,1,0,INS00116392,9102674,,100,49,3,1,1,1,97,5208,0,0,0,0,0,0,0,0,0,1,0,0,0,
HSI00000356,Fairfield Medical Center,Lancaster,OH,1,0,0,INS00645234,,,76,26,24,1,1,1,211,9130,21.81,0,0,0,0,1,0,0,0,0,0,0,0,
HSI00000357,Fairview Health Services,Minneapolis,MN,1,1,1,INS00000169,9100503,1325,1510,555,137,8,8,2,1285,62281,352.74,0,0,1,0,2,1,0,0,1,0,1,0,
HSI00000358,Faith Regional Health Services,Norfolk,NE,1,1,1,INS00480796,9101292,0814,66,22,18,5,4,1,168,5152,0,0,0,0,0,0,0,0,1,1,0,1,0,
HSI00000360,Boys Town National Research Hospital,Boys Town,NE,1,0,0,INS00491485,,,69,36,9,1,1,1,61,172,0,0,2,0,0,0,0,0,0,0,0,0,0,
HSI00000362,Finger Lakes Health,Geneva,NY,1,1,1,INS00261010,9100120,0397,72,28,11,2,2,1,142,4295,0,0,0,0,0,0,0,0,0,0,0,0,0,
HSI00000363,Firelands Regional Health System,Sandusky,OH,1,0,0,INS00106672,,,69,24,20,1,1,1,171,8411,13.56,0,0,0,0,1,0,0,0,0,0,0,0,
HSI00000365,FirstHealth of the Carolinas,Pinehurst,NC,1,1,1,INS00103462,9101321,0243,149,55,28,3,3,1,445,24222,0,0,0,0,0,0,0,0,1,0,1,1,1,H6306; H8064
HSI00000368,Florida Health Sciences Center,Tampa,FL,1,0,0,INS00000409,,,164,54,5,1,1,1,913,43714,288.15,0,0,1,0,2,1,1,1,0,1,0,0,
HSI00000369,Floyd Medical Center,Rome,GA,1,1,0,INS00411141,9101427,,93,70,25,2,2,1,251,12749,21.99,0,0,0,0,1,1,0,1,1,0,0,0,
HSI00000370,Floyd Memorial Hospital and Health Services,New Albany,IN,1,0,0,INS00491661,,,130,39,29,1,1,1,211,13292,0,0,0,0,0,0,0,0,0,0,0,0,0,
HSI00000371,Forrest Health,Hattiesburg,MS,1,1,0,INS00000173,9103319,,50,14,8,5,5,1,575,29180,12.95,0,0,0,0,1,0,0,1,0,0,0,0,
HSI00000372,Fort HealthCare,Fort Atkinson,WI,1,1,0,INS00584495,9102684,,63,21,27,1,1,1,72,1976,0,0,0,0,0,0,0,0,0,0,0,1,0,
HSI00000375,"Franciscan Alliance, Inc",Mishawaka,IN,1,1,1,INS00000369,9102787,5345,1076,356,138,14,14,2,1755,69417,137.27,0,0,1,0,1,0,0,1,1,1,0,1,H5124
HSI00000376,"Franciscan Missionaries of Our Lady Health System, Inc",Baton Rouge,LA,1,1,1,INS00000176,9100631,1475,462,202,47,11,10,1,1595,58358,190.31,0,0,1,1,1,1,0,1,1,1,1,1,H6231
HSI00000380,Frederick Memorial Healthcare System,Frederick,MD,1,1,0,INS00643035,9103372,,105,44,8,1,1,1,233,17714,0,0,0,0,0,0,0,0,0,1,0,0,0,
HSI00000381,Freeman Health System,Joplin,MO,1,0,1,INS00058026,,0271,205,74,41,3,3,1,386,16921,22.14,0,0,0,0,1,0,0,1,0,0,0,0,
HSI00000382,Freeport Health Network,Freeport,IL,1,1,0,INS00261017,9102101,,70,28,19,1,1,1,100,4022,0,0,0,0,0,0,0,1,0,0,0,0,0,
HSI00000385,Frisbie Memorial Hospital,Rochester,NH,1,0,0,INS00491617,,,78,39,16,1,1,1,64,3100,0,0,0,0,0,0,0,0,0,0,0,0,0,
HSI00000386,Froedtert and The Medical College of Wisconsin,Milwaukee,WI,1,1,0,INS00540289,9102821,,1272,255,37,3,3,1,747,37939,329.83,0,0,1,1,2,0,0,0,1,1,0,1,H1181; H5215
HSI00000388,Geisinger Health System,Danville,PA,1,1,1,INS00059463,9100147,5570,1723,599,220,11,9,2,1983,102925,473.12,0,0,1,1,1,0,0,0,1,1,1,1,H3924; H3954; H9412; H2064
HSI00000390,Genesis Health System,Davenport,IA,1,1,1,INS00000177,9101564,0311,271,126,30,6,6,2,453,20658,17.64,0,0,0,0,1,0,0,0,1,1,1,0,
HSI00000401,Glens Falls Hospital,Glens Falls,NY,1,0,0,INS00491515,,,111,40,22,1,1,1,363,11852,0,0,0,0,0,0,0,0,0,0,0,0,0,
HSI00000406,Good Shepherd Health System,Longview,TX,1,1,1,INS00491608,9103085,0522,113,37,16,2,2,1,448,16951,44.93,0,0,0,0,1,0,1,1,0,0,1,0,
HSI00000412,Grady Health System,Atlanta,GA,1,1,0,INS00000183,9100260,,215,78,8,1,1,1,639,29299,418.96,0,0,1,1,2,1,1,1,1,0,0,0,
HSI00000415,Grand View Hospital,Sellersville,PA,1,0,0,INS00514953,,,93,41,14,1,1,1,180,7438,0,0,0,0,0,0,0,0,0,1,1,0,0,
HSI00000421,Great River Health Systems,West Burlington,IA,1,1,0,INS00104606,9102686,,96,33,23,1,1,1,138,6903,0,0,0,0,0,0,0,0,0,1,0,0,0,
HSI00000422,Greater Baltimore Medical Center,Baltimore,MD,1,1,0,INS00643080,9103305,,292,142,17,1,1,1,273,16196,59.8,0,0,0,0,1,0,0,0,1,0,0,0,
HSI00000423,Greater Hudson Valley Health System,Middletown,NY,1,1,1,INS00773358,9102922,0144,136,32,5,3,3,1,428,22637,7.81,0,0,0,0,1,0,1,1,1,1,1,0,
HSI00000424,Greenville Health System,Greenville,SC,1,1,1,INS00000184,9100247,1555,5820,437,75,10,8,1,1099,52924,211.45,0,0,1,0,1,0,1,1,1,1,1,0,
HSI00000425,Griffin Health Services,Derby,CT,1,1,0,INS00643801,9102688,,84,37,5,1,1,1,101,7000,28.74,0,0,1,0,2,0,0,0,1,1,0,0,
HSI00000427,Group Health Cooperative,Seattle,WA,0,1,0,,9100839,,495,271,0,1,1,1,24,390,0,0,0,0,0,0,1,0,0,0,1,,1,H5050
HSI00000428,Gundersen Health System,La Crosse,WI,1,1,0,INS00000186,9100487,,484,198,46,5,5,2,349,14821,50.56,0,0,0,0,1,0,0,1,1,0,1,1,H9834; H5262
HSI00000430,Guthrie Healthcare System,Sayre,PA,1,1,1,INS00107697,9100152,0675,387,138,36,4,4,2,384,21463,67.14,0,0,1,0,1,0,0,1,0,1,1,0,
HSI00000431,"Gwinnett Health System, Inc",Lawrenceville,GA,1,1,0,INS00411149,9102690,,310,97,61,2,2,1,463,30612,15.16,0,0,0,0,1,0,1,0,0,0,0,0,
HSI00000439,Hackensack Meridian Health,Edison,NJ,0,0,1,,,1003,2142,320,106,11,10,1,2749,145987,441.25,0,0,1,0,1,1,0,1,1,1,1,0,
HSI00000441,Halifax Health,Daytona Beach,FL,1,1,0,INS00000188,9100898,,183,72,12,2,1,1,405,20643,28.67,0,0,0,0,1,0,1,1,0,1,1,0,
HSI00000443,Hallmark Health System,Melrose,MA,1,1,0,INS00000189,9101689,,121,49,24,2,2,1,211,8831,1,0,0,0,0,1,0,0,0,0,0,0,0,
HSI00000444,"Hamilton Health Care System, Inc",Dalton,GA,1,1,0,INS00261039,9102009,,62,18,7,1,1,1,234,9119,0,0,0,0,0,0,0,1,0,1,0,1,0,
HSI00000451,Harris Health System,Houston,TX,1,1,0,INS00000190,9100695,,474,192,28,4,3,1,683,35030,618.32,0,0,1,1,2,1,1,1,0,0,0,0,
HSI00000452,Hartford Healthcare Corporation,Hartford,CT,1,1,1,INS00000141,9101014,0541,842,202,73,9,8,1,1300,69800,277.33,0,0,1,0,1,0,0,1,1,1,0,0,
HSI00000454,Hawaii Health Systems Corporation,Honolulu,HI,1,1,1,INS00059465,9101509,3555,150,37,4,9,8,1,271,11700,0,0,0,0,0,0,0,0,0,0,0,0,0,
HSI00000455,Hawaii Pacific Health,Honolulu,HI,1,1,1,INS00084397,9102318,0266,488,186,19,4,4,1,566,27943,53.7,0,1,0,0,1,0,0,0,1,0,0,0,
HSI00000456,"Hays Medical Center, Inc",Hays,KS,1,0,0,INS00405814,,,53,19,10,3,3,1,164,5054,0,0,0,0,0,0,0,0,1,0,0,0,0,
HSI00000461,"Health First, Inc",Rockledge,FL,1,1,1,INS00000194,9101330,0328,321,111,53,4,4,1,900,45753,0,0,0,0,0,0,0,1,1,0,1,1,1,H1099
HSI00000462,Health Quest,Lagrangeville,NY,1,1,1,INS00491263,9103284,0307,307,69,30,3,3,1,567,29264,0,0,0,0,0,0,0,0,0,1,1,1,0,
HSI00000463,HealthEast Care System,Saint Paul,MN,1,1,1,INS00000193,9100926,2185,241,148,29,4,3,1,488,29695,27.65,0,0,0,0,1,0,0,0,1,0,0,0,
HSI00000464,"HealthPartners, Inc",Minneapolis,MN,1,1,1,INS00030035,9101032,0342,1735,755,105,7,7,2,956,54830,175.13,0,0,1,0,1,1,0,0,1,0,1,1,H2462; H2422
HSI00000466,Baptist Health,Montgomery,AL,1,1,1,INS00000076,9102829,0150,119,37,12,3,3,1,546,29979,44.8,0,0,0,0,1,0,0,1,0,1,0,0,
HSI00000467,Huntsville Hospital Health System,Huntsville,AL,1,1,1,INS00539872,9103161,0117,305,87,47,8,8,1,1410,66445,57.75,0,0,0,0,1,0,0,1,1,0,1,0,
HSI00000471,Hendrick Health System,Abilene,TX,1,1,0,INS00000200,9100710,,79,26,12,1,1,1,309,15413,0,0,0,0,0,0,0,0,0,0,0,1,1,H4525
HSI00000472,Hendricks Regional Health,Danville,IN,1,0,0,INS00753345,,,52,16,8,1,1,1,127,5347,0,0,0,0,0,0,0,0,0,1,1,1,0,
HSI00000473,"Hennepin Health Care System, Inc",Minneapolis,MN,1,1,0,INS00000201,9102818,,641,220,24,1,1,1,340,18672,276.53,0,0,1,1,2,1,0,0,1,0,0,0,
HSI00000475,Henry Ford Health System,Detroit,MI,1,1,1,INS00000202,9100442,9505,2591,679,141,8,5,1,1777,96593,821.88,0,0,1,1,2,1,0,0,1,0,1,1,H2322; H5685; H9712; H2312; H2318
HSI00000476,Heritage Valley Health System,Beaver,PA,1,1,1,INS00103463,9101692,0309,378,100,53,2,2,1,363,17051,24,0,0,0,0,1,0,0,0,0,1,0,0,
HSI00000478,Heywood Healthcare,Gardner,MA,1,0,0,INS00778127,,,70,23,12,2,2,1,139,3972,0,0,0,0,0,0,0,0,0,0,0,0,0,
HSI00000484,Hoag Memorial Hospital Presbyterian,Newport Beach,CA,1,1,0,INS00000204,9102825,,321,134,26,2,2,1,597,33359,0,0,0,0,0,0,0,0,0,1,1,1,0,
HSI00000487,Holy Family Memorial,Manitowoc,WI,1,1,1,INS00000206,9100486,1455,215,60,32,3,3,3,378,17219,0,0,0,0,0,0,0,0,0,0,0,1,0,
HSI00000488,Holy Redeemer Health System,Huntingdon Valley,PA,1,1,0,INS00666736,9100153,,92,26,10,1,1,1,195,8854,1.8,0,0,0,0,1,0,0,0,0,0,0,0,
HSI00000490,Holzer Health System,Gallipolis,OH,1,1,0,INS00000142,9101316,,152,63,15,2,2,1,181,4440,2.92,0,0,0,0,1,0,1,1,1,0,,0,
HSI00000491,HonorHealth,Scottsdale,AZ,1,1,1,INS00000358,9103342,0963,359,179,68,5,5,1,1305,70189,32.96,0,0,0,0,1,0,1,1,1,0,0,0,
HSI00000492,HCA,Nashville,TN,1,1,1,INS00000134,9100341,0048,9162,2576,666,192,175,3,34532,1733151,1638.77,1,1,1,0,1,1,0,1,1,1,1,0,
HSI00000496,Hospital Sisters Health System,Springfield,IL,1,1,1,INS00000208,9100571,5355,527,145,42,15,15,2,1700,72287,107.12,0,0,0,0,1,1,0,1,1,1,1,0,
HSI00000497,Houston Healthcare,Warner Robins,GA,1,1,1,INS00491634,9101033,0642,70,33,8,2,2,1,276,15560,18.96,0,0,0,0,1,0,1,1,0,0,1,0,
HSI00000498,Howard University Hospital,Washington,DC,1,1,0,INS00644884,9102693,,369,106,3,1,1,1,190,8684,400.98,0,0,1,1,2,1,0,0,0,0,0,0,
HSI00000502,Hunterdon Healthcare System,Flemington,NJ,1,1,0,INS00642667,9102600,,207,100,39,1,1,1,170,9424,18.56,0,0,0,0,1,0,0,0,1,1,0,0,
HSI00000503,Huntington Memorial Hospital,Pasadena,CA,1,0,0,INS00645183,,,189,46,6,1,1,1,515,25600,39.86,0,0,0,0,1,0,0,0,1,1,0,0,
HSI00000505,Hurley Medical Center,Flint,MI,1,0,0,INS00643034,,,177,73,13,1,1,1,370,18942,113.59,0,0,1,0,2,1,0,0,0,1,0,0,
HSI00000506,IASIS Healthcare Corporation,Franklin,TN,1,1,1,INS00000211,9101793,0201,291,93,9,20,18,3,2237,86933,82.11,1,0,0,0,1,1,0,1,1,1,1,1,H5587
HSI00000507,INTEGRIS Health,Oklahoma City,OK,1,1,1,INS00000217,9101047,0305,863,197,57,11,8,1,1068,46771,84.83,0,0,0,0,1,0,0,0,0,1,1,0,
HSI00000509,"Indian River Memorial Hospital, Inc",Vero Beach,FL,1,0,0,INS00753416,,,63,20,2,1,1,1,310,12616,0,0,0,0,0,0,0,0,0,0,1,0,0,
HSI00000510,Indiana University Health,Indianapolis,IN,1,1,1,INS00000131,9100416,0231,2484,775,247,19,19,1,2784,127263,618.55,0,0,1,0,1,1,0,1,1,1,1,1,H7220
HSI00000511,"Infirmary Health System, Inc",Mobile,AL,1,1,1,INS00000214,9100332,2025,227,89,26,6,5,1,870,37387,5.57,0,0,0,0,1,0,0,0,1,1,0,0,
HSI00000513,Inova Health System,Falls Church,VA,1,1,1,INS00000216,9101038,1305,955,283,92,5,5,1,1643,75683,169.31,0,0,0,0,1,0,0,0,1,1,1,1,H6310
HSI00000514,Inspira Health Network,Mullica Hill,NJ,1,1,1,INS00106227,9100921,0151,230,69,23,3,3,1,594,28456,145.65,0,0,1,0,1,0,0,0,1,0,1,1,H6887
HSI00000515,Interfaith Medical Center,Brooklyn,NY,1,0,0,INS00491670,,,113,57,3,1,1,1,153,7326,124.5,0,0,1,1,2,1,1,0,0,1,,0,
HSI00000516,Intermountain Healthcare,Salt Lake City,UT,1,1,1,INS00000218,9100739,1815,1870,711,233,22,22,2,2408,128958,241.26,0,1,1,0,1,0,0,0,1,1,1,1,H1994
HSI00000521,JFK Health System,Edison,NJ,1,1,1,INS00000371,9101136,8855,188,46,9,2,2,1,357,19633,36.88,0,0,0,0,1,0,0,0,1,1,1,0,
HSI00000523,Jackson Health System,Miami,FL,1,1,0,INS00000339,9102702,,1243,322,10,4,3,1,1538,54088,679.18,0,0,1,0,2,1,1,1,0,1,0,0,
HSI00000528,West Jefferson Medical Center,Marrero,LA,1,0,0,INS00644875,,,54,29,14,1,1,1,405,11290,20.77,0,0,0,0,1,0,0,0,1,1,0,0,
HSI00000530,John Muir Health,Walnut Creek,CA,1,1,1,INS00084384,9101397,0324,989,439,40,3,2,1,751,40128,0,0,0,0,0,0,0,1,1,1,1,0,0,
HSI00000531,Johns Hopkins Health System,Baltimore,MD,1,1,1,INS00000225,9100200,1015,2549,773,122,6,6,3,2365,114098,1128.89,0,1,1,1,2,0,0,0,1,0,1,1,H2109
HSI00000536,Kaiser Permanente,Oakland,CA,1,1,1,INS00000226,9100934,2105,20300,8995,487,39,37,3,8800,438587,854.55,0,0,1,0,1,0,0,0,1,1,1,1,H6052; H6050; H1170; H0630; H1230; H0524; H9003; H2150
HSI00000537,Kaleida Health,Buffalo,NY,1,1,0,INS00000227,9100117,,506,110,25,4,3,1,942,54277,393.27,0,0,1,0,2,0,0,0,1,1,1,0,
HSI00000538,Kalispell Regional Healthcare,Kalispell,MT,1,1,0,INS00542373,9100527,,161,50,19,3,2,1,190,8040,0,0,0,0,0,0,0,0,0,0,0,1,0,
HSI00000539,Katherine Shaw Bethea Hospital,Dixon,IL,1,0,0,INS00539486,,,58,24,9,1,1,1,66,2961,2.98,0,0,0,0,1,0,0,0,0,0,0,0,
HSI00000540,Kaweah Delta Health Care District,Visalia,CA,1,1,0,INS00721882,9101532,,152,50,18,2,2,1,403,20492,0,0,0,0,0,0,1,0,0,1,0,0,0,
HSI00000541,Kennedy Health System,Voorhees,NJ,1,1,0,INS00000229,9100063,,160,63,16,2,2,1,526,26001,156.79,0,0,1,0,2,0,0,0,0,0,0,0,
HSI00000546,Kettering Health Network,Kettering,OH,1,1,1,INS00000230,9100412,0258,484,157,74,9,7,1,1105,55452,184.88,0,0,1,0,1,0,0,1,0,1,0,0,
HSI00000550,Kingsbrook Jewish Medical Center,Brooklyn,NY,1,0,0,INS00491409,,,97,48,1,1,1,1,161,6221,74.02,0,0,1,0,2,1,1,1,0,1,0,0,
HSI00000553,Kootenai Health,Coeur D Alene,ID,1,1,0,INS00643265,9103282,,164,59,28,1,1,1,252,16965,7.57,0,0,0,0,1,0,0,0,0,0,0,0,
HSI00000554,Kuakini Health System,Honolulu,HI,1,1,0,INS00753865,9102012,,62,20,2,1,1,1,160,4302,18.98,0,0,0,0,1,0,0,0,0,0,0,0,
HSI00000555,LCMC Health System,New Orleans,LA,1,1,1,INS00643816,9103331,0932,341,114,30,5,4,1,711,25766,440.35,0,1,1,1,2,1,1,1,1,1,0,0,
HSI00000557,"LHP Hospital Group, Inc",Plano,TX,1,1,1,INS00642900,9102925,0394,197,90,9,3,3,3,518,25270,18.47,0,0,0,0,1,0,0,0,0,1,1,0,
HSI00000558,LRG Healthcare,Laconia,NH,1,1,1,INS00103464,9102706,0320,110,40,24,2,2,1,111,4849,0,0,0,0,0,0,0,0,1,1,0,0,0,
HSI00000559,LSU Healthcare Services Division,Baton Rouge,LA,1,1,0,INS00000246,9100635,,1104,301,42,1,1,1,24,787,1,0,0,0,0,1,0,1,1,0,0,,0,
HSI00000562,Lafayette General Health,Lafayette,LA,1,1,1,INS00058027,9103250,0911,159,85,4,7,7,1,750,28072,79.08,0,0,1,0,1,1,1,1,0,0,0,0,
HSI00000563,Lahey Health System,Burlington,MA,1,1,1,INS00261848,9102601,0891,1056,314,74,4,4,1,846,49765,163.61,0,0,1,0,1,0,0,0,1,1,1,0,
HSI00000564,Lake Charles Memorial Health System,Lake Charles,LA,1,1,0,INS00723450,9103344,,106,62,9,3,1,1,263,11385,24,0,0,0,0,1,1,1,1,1,0,0,0,
HSI00000566,Lake Health,Painesville,OH,1,1,0,INS00084386,9100391,,113,55,30,1,1,1,278,16288,0,0,0,0,0,0,0,0,0,1,1,,0,
HSI00000568,Lake Regional Health System,Osage Beach,MO,1,1,0,INS00642043,9103369,,66,34,23,1,1,1,100,4555,0,0,0,0,0,0,0,0,0,0,0,0,0,
HSI00000569,Lakeland Regional Health System,Lakeland,FL,1,1,0,INS00000231,9103292,,177,53,12,1,1,1,731,38009,0,0,0,0,0,0,0,1,1,0,1,0,0,
HSI00000570,Lakeland Regional Health System,Saint Joseph,MI,1,1,1,INS00000232,9101042,0056,207,71,25,2,2,1,290,15778,58.67,0,0,0,0,1,0,0,1,0,0,0,1,H0390
HSI00000574,Lawrence and Memorial Hospital,New London,CT,1,0,1,INS00739880,,0904,163,46,7,2,2,2,276,14893,1,0,0,0,0,1,0,1,1,1,1,0,0,
HSI00000575,Lee Health,Fort Myers,FL,1,1,1,INS00000235,9101550,0369,286,129,31,3,3,1,1276,78277,17.96,0,0,0,0,1,0,1,1,0,0,0,0,
HSI00000576,Legacy Health,Portland,OR,1,1,1,INS00000236,9100828,2755,652,246,49,6,6,2,927,60251,98.88,0,0,1,0,1,1,1,1,1,1,0,0,
HSI00000577,Lehigh Valley Health Network,Allentown,PA,1,1,1,INS00105346,9101508,0370,1470,320,135,3,3,1,1133,57268,235.84,0,0,1,0,1,0,0,0,1,0,0,0,
HSI00000579,Lexington Medical Center,West Columbia,SC,1,1,0,INS00492905,9102799,,297,93,73,1,1,1,428,22365,0,0,0,0,0,0,0,0,0,0,0,0,0,
HSI00000581,Licking Memorial Health Systems,Newark,OH,1,1,0,INS00469019,9101488,,123,50,24,1,1,1,219,8818,0,0,0,0,0,0,0,1,1,0,0,0,0,
HSI00000582,"LifeBridge Health, Inc",Baltimore,MD,1,1,1,INS00000238,9101534,0158,601,188,29,4,3,1,809,41210,130.88,0,0,1,0,1,0,0,0,1,0,0,0,
HSI00000584,LifePoint Health,Brentwood,TN,1,1,1,INS00000239,9103154,0180,1699,668,164,74,72,3,7680,260636,189.45,1,0,0,0,1,1,0,1,1,1,1,0,
HSI00000585,Lifespan,Providence,RI,1,1,1,INS00000240,9100899,0060,1287,256,21,4,3,1,969,55475,495.82,0,0,1,1,2,0,0,0,1,1,0,0,
HSI00000589,Little Company of Mary Hospital and Health Care Centers,Evergreen Park,IL,1,0,1,INS00644635,,2295,117,30,11,2,2,2,331,15942,5.7,0,0,0,0,1,0,0,0,1,0,0,0,
HSI00000591,Loma Linda University Adventist Health Sciences Center,Loma Linda,CA,1,1,1,INS00000242,9100778,2175,1836,188,40,5,5,1,983,46567,427.37,0,0,1,1,2,1,0,0,1,1,1,0,
HSI00000592,Long Island Health Network,Melville,NY,0,1,0,,9101516,,549,147,25,2,2,1,420,22445,52.65,0,0,0,0,1,0,0,0,0,1,0,0,
HSI00000593,Los Angeles County Health Services Department,Los Angeles,CA,1,1,1,INS00000243,9100935,5755,1653,656,108,4,3,1,1236,52936,1294.56,0,0,1,1,2,1,1,1,1,1,0,0,
HSI00000607,Maimonides Medical Center,Brooklyn,NY,1,0,0,INS00000247,,,723,170,22,1,1,1,641,33629,384.4,0,0,1,0,2,1,0,0,0,1,1,0,
HSI00000608,Main Line Health,Bryn Mawr,PA,1,1,1,INS00487213,9102730,0340,768,270,70,5,4,1,1091,52646,166.51,0,0,1,0,1,0,0,0,1,0,1,0,
HSI00000610,MaineGeneral Health,Augusta,ME,1,1,0,INS00644861,9100047,,214,103,39,1,1,1,172,11121,32.89,0,0,0,0,1,0,0,0,1,0,,0,
HSI00000611,MaineHealth,Portland,ME,1,1,1,INS00000248,9102863,0614,1171,429,111,11,10,2,968,45821,243.88,0,0,1,0,2,0,0,0,1,0,1,0,
HSI00000612,Major Health Partners,Shelbyville,IN,1,0,0,INS00572362,,,58,23,14,1,1,1,61,2722,0,0,0,0,0,0,0,0,0,1,1,1,0,
HSI00000615,Maricopa Integrated Health System,Phoenix,AZ,1,1,0,INS00000249,9102715,,347,89,16,1,1,1,290,21067,200.88,0,0,1,1,2,1,1,1,0,0,0,1,H6623
HSI00000616,Marin Healthcare District,Greenbrae,CA,1,0,0,INS00753900,,,124,40,8,1,1,1,218,7797,0,0,0,0,0,0,0,0,0,1,1,0,0,
HSI00000619,Marshall Medical Center,Placerville,CA,1,0,0,INS00643188,,,69,25,17,1,1,1,99,5215,0,0,0,0,0,0,0,0,0,0,1,0,0,
HSI00000621,Marshfield Clinic,Marshfield,WI,1,1,0,INS00118463,9102923,,541,183,61,1,1,1,40,2306,0,0,0,0,0,0,0,0,0,1,0,0,1,H4388; H5211
HSI00000622,Martin Health System,Stuart,FL,1,1,0,INS00084387,9102741,,139,58,20,2,2,1,434,24811,0,0,0,0,0,0,0,1,1,0,1,0,0,
HSI00000624,Mary Washington Healthcare,Fredericksburg,VA,1,1,1,INS00059468,9101489,0523,188,49,29,3,2,1,497,26350,0,0,0,0,0,0,0,0,0,1,1,0,0,
HSI00000630,Maury Regional Medical Center,Columbia,TN,1,1,1,INS00493485,9101735,0882,122,58,8,3,3,1,312,14248,0,0,0,0,0,0,0,0,0,1,1,0,0,
HSI00000631,Mayo Clinic,Rochester,MN,1,1,1,INS00000250,9100505,1875,6127,1506,131,29,29,3,3070,121239,831.13,0,1,1,0,2,0,0,1,1,0,1,0,
HSI00000636,McLaren Health Care Corp,Flint,MI,1,1,1,INS00000252,9101762,0252,955,367,128,15,14,1,1997,98792,419.61,0,0,1,1,1,0,0,0,1,1,1,1,H0141
HSI00000637,McLeod Health,Florence,SC,1,1,1,INS00260817,9101536,0874,309,132,51,6,6,1,848,37164,24.38,0,0,0,0,1,1,1,1,0,1,0,0,
HSI00000639,Meadville Medical Center,Meadville,PA,1,0,1,INS00643010,,1001,76,27,13,2,2,1,198,6922,11.92,0,0,0,0,1,0,0,0,0,0,0,0,
HSI00000640,MedStar Health,Columbia,MD,1,1,1,INS00000257,9100186,0154,4786,870,95,10,10,2,2561,128104,847.1,0,0,1,1,2,1,0,0,1,0,1,1,H9915
HSI00000642,MediSys Health Network,Jamaica,NY,1,0,1,INS00000221,,0971,400,154,15,2,2,1,600,34297,280.36,0,0,1,0,2,1,0,0,1,1,1,0,
HSI00000643,Medical Center Health System,Odessa,TX,0,1,0,,9103307,,57,19,1,1,1,1,331,12633,42.02,0,0,0,0,1,0,1,1,0,0,0,0,
HSI00000644,MUSC Health,Charleston,SC,1,1,0,INS00000255,9102670,,1054,157,38,1,1,1,669,33781,513.2,0,0,1,1,2,1,0,0,0,0,0,0,
HSI00000648,Memorial Health System,Springfield,IL,1,1,1,INS00000262,9101506,0086,202,80,18,4,4,1,565,27466,162.93,0,0,1,0,2,0,0,0,0,0,1,0,
HSI00000649,Memorial Health System,Marietta,OH,1,1,1,INS00643359,9102274,0998,110,45,27,2,2,1,189,11883,16.23,0,0,0,0,1,0,0,0,0,0,0,0,
HSI00000651,Memorial Health University Medical Center,Savannah,GA,1,1,0,INS00014898,9102728,,302,123,43,2,2,1,509,27298,137.74,0,0,1,0,2,0,0,0,0,1,0,0,
HSI00000653,Memorial Healthcare System,Hollywood,FL,1,1,1,INS00000261,9102629,0083,377,110,17,5,5,1,1772,67731,28.19,0,0,0,0,1,1,0,1,1,1,1,0,
HSI00000654,Memorial Hermann Healthcare System,Houston,TX,1,1,1,INS00000259,9101045,2645,2424,270,120,13,9,1,3078,171832,575.73,0,0,1,0,1,1,1,1,1,0,1,1,H2968; H7115
HSI00000658,MemorialCare Health System,Fountain Valley,CA,1,1,1,INS00000260,9100936,0084,455,178,51,6,6,1,1329,64581,124.5,0,1,0,0,1,1,0,1,1,1,1,0,
HSI00000660,Mercy Health,Chesterfield,MO,1,1,1,INS00000271,9100582,5185,2540,831,408,38,35,3,3814,169748,219.43,0,0,1,1,1,0,1,1,1,1,1,0,
HSI00000661,Mercy Health,Cincinnati,OH,1,1,1,INS00489427,9101696,5155,1423,575,236,25,25,3,3320,182862,354.38,0,0,1,0,1,1,0,1,1,1,1,0,
HSI00000663,Mercy Health Services,Baltimore,MD,1,0,0,INS00753942,,,175,56,12,1,1,1,210,16811,51.45,0,0,0,0,1,1,0,0,0,0,0,0,
HSI00000665,Mercy Iowa City,Iowa City,IA,1,0,0,INS00644704,,,102,44,18,1,1,1,218,6795,0,0,0,0,0,0,0,0,0,1,0,0,0,
HSI00000667,Mercyhealth,Rockford,IL,1,1,1,INS00000348,9102735,0649,698,212,61,4,4,2,533,21137,22.98,0,0,0,0,1,1,0,1,1,0,1,0,
HSI00000671,Meritus Health,Hagerstown,MD,1,1,0,INS00653116,9102775,,114,44,20,1,1,1,243,18026,0,0,0,0,0,0,0,0,0,1,0,1,0,
HSI00000672,Methodist Health System,Omaha,NE,1,1,1,INS00000281,9100618,9265,336,135,38,2,2,2,458,24235,11.51,0,0,0,0,1,0,0,0,1,0,1,0,
HSI00000673,Methodist Health System,Dallas,TX,1,1,1,INS00084388,9100664,2735,303,151,39,7,7,1,1041,48135,79.56,0,0,0,0,1,1,1,1,1,1,1,0,
HSI00000675,Methodist Le Bonheur Healthcare,Memphis,TN,1,1,1,INS00000280,9100353,9345,622,246,58,7,6,2,1390,64232,289.36,0,0,0,0,1,0,0,0,1,1,1,0,
HSI00000676,Metro Health,Wyoming,MI,1,1,0,INS00642524,9102802,,234,93,25,1,1,1,178,10873,76.47,0,0,1,0,2,0,0,0,1,0,0,0,
HSI00000678,Miami Childrens Hospital Health System,Miami,FL,0,1,0,,9103335,,93,19,3,1,1,1,289,10812,142.42,0,2,1,0,2,0,0,0,0,0,0,0,
HSI00000680,Mid Coast Health Services,Brunswick,ME,0,1,0,,9100040,,60,18,2,1,1,1,92,4911,0,0,0,0,0,0,0,0,0,0,0,0,0,
HSI00000681,Mid Columbia Medical Center,The Dalles,OR,1,0,0,INS00539496,,,52,22,8,1,1,1,43,2217,0,0,0,0,0,0,0,0,0,0,0,0,0,
HSI00000682,MidMichigan Health,Midland,MI,1,1,1,INS00000284,9100449,0001,200,101,37,5,5,1,547,22317,18,0,0,0,0,1,0,0,0,0,0,1,0,
HSI00000683,"Middlesex Health System, Inc",Middletown,CT,1,0,0,INS00520065,,,177,89,28,1,1,1,209,10951,25.35,0,0,0,0,1,0,0,0,1,0,0,0,
HSI00000686,Millcreek Health System,Erie,PA,1,1,0,INS00753967,9101342,,102,49,3,1,1,1,130,3974,64.97,0,0,1,0,2,1,0,0,0,0,,0,
HSI00000691,Mission Health System,Asheville,NC,1,1,1,INS00000286,9101343,0143,363,120,34,8,6,1,788,44384,52.78,0,0,0,0,1,0,0,1,1,1,1,1,H6846
HSI00000692,"Mississippi Baptist Health Systems, Inc",Jackson,MS,1,1,1,INS00000287,9102048,0336,138,68,12,5,5,1,689,21612,4.5,0,0,0,0,1,0,0,1,0,0,1,0,
HSI00000697,"Mohawk Valley Network, Inc",Utica,NY,1,1,0,INS00059470,9103065,,185,57,45,3,3,1,424,23587,35.16,0,0,0,0,1,0,0,0,0,0,0,0,
HSI00000698,Mon Health,Morgantown,WV,1,1,1,INS00103465,9100225,0970,68,19,11,2,2,1,214,8739,0,0,0,0,0,0,0,0,0,0,0,0,0,
HSI00000699,Monroe Clinic,Monroe,WI,0,1,0,,9102785,,55,22,1,1,1,1,95,2590,0.83,0,0,0,0,1,0,0,0,0,1,0,0,
HSI00000700,Montefiore Medical Center,Bronx,NY,1,1,1,INS00000288,9100091,0343,2386,806,71,6,6,1,1961,111380,1239.31,0,0,1,1,2,1,0,1,1,1,1,0,
HSI00000705,Mosaic Life Care,Saint Joseph,MO,1,1,0,INS00084381,9100599,,219,88,51,5,5,2,433,16890,0,0,0,0,0,0,0,0,1,1,1,0,0,
HSI00000708,Mount Auburn Hospital,Cambridge,MA,1,0,0,INS00803973,,,264,150,7,1,1,1,183,13626,70.09,0,0,1,0,2,0,0,0,1,0,0,0,
HSI00000710,Mount Nittany Health System,State College,PA,1,0,0,INS00653110,,,171,41,19,1,1,1,248,13652,5.54,0,0,0,0,1,0,0,0,0,0,0,0,
HSI00000711,Mount Sinai Health System,New York,NY,1,1,1,INS00000292,9101736,0917,3587,875,173,6,6,1,2503,128021,1662.41,0,0,1,1,2,1,0,0,1,1,1,0,
HSI00000712,"Mount Sinai Medical Center of Florida, Inc",Miami Beach,FL,1,0,0,INS00000290,,,236,57,9,1,1,1,468,18947,146.06,0,0,1,0,2,0,0,0,1,1,0,0,
HSI00000713,Mountain States Health Alliance,Johnson City,TN,1,1,1,INS00000291,9101694,0167,303,141,27,13,12,2,1167,56438,126.28,0,0,1,0,1,0,0,1,1,1,1,1,H0879
HSI00000714,MultiCare Health System,Tacoma,WA,1,1,1,INS00014899,9101052,6555,679,290,80,5,5,1,678,39768,34.65,0,0,0,0,1,1,0,0,1,1,1,0,
HSI00000715,Munson HealthCare,Charlevoix,MI,1,1,1,INS00753372,9100460,1465,182,53,6,7,7,1,546,29875,17.66,0,0,0,0,1,0,0,1,1,0,1,0,
HSI00000716,NCH Healthcare System,Naples,FL,1,1,0,INS00000296,9102691,,173,68,33,1,1,1,570,27178,0,0,0,0,0,0,0,1,0,1,1,1,0,
HSI00000717,NYU Langone Medical Center,New York,NY,1,1,0,INS00464266,9101348,,2839,703,147,4,4,1,1707,102221,1761.11,0,0,1,1,2,1,0,0,1,1,1,0,
HSI00000718,Nanticoke Health Services,Seaford,DE,1,0,0,INS00084389,,,67,25,17,1,1,1,94,5350,0,0,0,0,0,0,0,1,1,1,0,0,0,
HSI00000720,National Jewish Health,Denver,CO,1,0,0,INS00801548,,,169,23,4,1,1,1,24,37,8.64,0,0,1,0,2,0,0,0,0,1,0,0,
HSI00000722,Nationwide Childrens Hospital,Columbus,OH,1,0,0,INS00540017,,,802,307,32,1,1,1,610,17621,321.06,0,2,1,0,2,0,0,0,1,0,1,0,
HSI00000724,Navicent Health,Macon,GA,1,1,1,INS00000119,9102668,0923,259,132,12,5,4,1,636,32456,102.58,0,0,0,0,1,0,0,1,1,0,0,0,
HSI00000725,Nemours Childrens Health System,Jacksonville,FL,1,1,1,INS00014906,9102804,0892,704,250,39,2,2,2,342,11652,56.94,0,2,0,0,1,0,0,0,0,0,1,0,
HSI00000728,New Hanover Regional Medical Center,Wilmington,NC,0,1,1,,9101698,0213,139,62,2,3,3,1,651,37754,73.49,0,0,0,0,1,0,0,0,1,0,0,0,
HSI00000729,New Liberty Hospital District of Clay County,Pleasant Vly,MO,1,0,0,INS00542280,,,84,27,11,1,1,1,207,8126,0,0,0,0,0,0,0,0,0,0,1,0,0,
HSI00000730,New York City Health and Hospitals Corporation,New York,NY,1,1,1,INS00000301,9100079,3075,3105,1157,39,12,11,1,3172,152613,2365.23,0,0,1,1,2,1,1,1,1,1,1,1,H9115; H0423
HSI00000731,New York Presbyterian Healthcare System,New York,NY,1,1,1,INS00000303,9100081,0142,3394,847,135,15,12,1,4099,215802,2244.79,0,0,1,1,2,1,0,0,1,1,0,0,
HSI00000743,Norman Regional Health System,Norman,OK,1,1,0,INS00538386,9103281,,98,35,19,3,3,1,310,15012,10.92,0,0,0,0,1,0,0,0,0,1,0,0,
HSI00000745,Broward Health,Fort Lauderdale,FL,1,1,1,INS00000311,9100295,3115,287,99,25,4,4,1,1213,55701,105.5,0,0,0,0,1,1,1,1,1,1,0,0,
HSI00000747,North Cypress Medical Center,Cypress,TX,1,0,0,INS00721876,,,57,10,9,1,1,1,139,9574,0,1,0,0,0,0,0,0,0,0,0,0,0,
HSI00000748,North Kansas City Hospital,North Kansas City,MO,1,0,0,INS00643368,,,176,31,11,1,1,1,365,21316,0,0,0,0,0,0,0,0,0,1,1,0,0,
HSI00000749,North Memorial Health Care,Robbinsdale,MN,1,1,1,INS00000305,9102819,0887,264,102,24,2,2,1,479,26778,23.89,0,0,0,0,1,0,0,0,1,0,1,0,
HSI00000750,North Mississippi Health Services,Tupelo,MS,1,1,1,INS00000306,9100358,0032,198,90,43,6,6,2,731,26453,25.21,0,0,0,0,1,1,0,1,0,0,1,0,
HSI00000751,North Oaks Health System,Hammond,LA,1,1,1,INS00260834,9102694,0867,104,22,31,2,1,1,344,10644,0,0,0,0,0,0,0,1,1,0,0,0,0,
HSI00000755,NorthBay Healthcare Group,Fairfield,CA,1,1,0,INS00084390,9100799,,132,49,25,2,2,1,182,8092,0,0,0,0,0,0,1,1,1,0,0,1,0,
HSI00000756,NorthShore University Health System,Evanston,IL,1,1,0,INS00000167,9100537,,940,348,95,4,4,1,733,36632,197.75,0,0,1,0,2,0,0,0,1,0,0,0,
HSI00000759,"Northeast Georgia Health System, Inc",Gainesville,GA,1,1,0,INS00106674,9102043,,293,107,33,2,2,1,518,31950,0,0,0,0,0,0,0,0,0,0,1,1,0,
HSI00000761,Northern Arizona Healthcare,Flagstaff,AZ,1,1,1,INS00106673,9100744,0281,152,45,13,4,3,1,369,17818,11.71,0,0,0,0,1,1,1,1,0,0,0,0,
HSI00000766,"Northside Hospital, Inc",Atlanta,GA,1,1,1,INS00492210,9103253,0410,431,96,89,3,3,1,837,56020,0,0,0,0,0,0,0,0,0,0,0,0,0,
HSI00000767,Northwell Health,Great Neck,NY,1,1,1,INS00000308,9101049,0062,3721,909,214,20,18,1,4191,257696,1645.34,0,0,1,1,2,1,0,1,1,1,1,0,
HSI00000768,Northwest Community Healthcare,Arlington Heights,IL,1,0,0,INS00000309,,,204,73,15,1,1,1,340,17557,0,0,0,0,0,0,0,1,0,1,0,0,0,
HSI00000770,Northwestern Medicine,Chicago,IL,1,1,1,INS00000307,9100550,0024,1656,449,113,9,7,1,1589,84605,519.52,0,0,1,0,2,0,0,1,1,1,1,0,
HSI00000771,"Norton Healthcare, Inc",Louisville,KY,1,1,1,INS00000310,9100376,2285,856,365,139,9,9,3,1512,74374,162.76,0,0,0,0,1,1,0,1,1,0,0,0,
HSI00000773,"Novant Health, Inc",Winston Salem,NC,1,1,1,INS00000312,9100226,0139,1461,674,285,13,13,2,2241,109984,24.09,0,0,0,0,1,0,0,1,1,1,0,0,
HSI00000774,NuHealth,East Meadow,NY,1,1,0,INS00000294,9102980,,410,155,7,1,1,1,377,17324,229.3,0,0,1,1,2,1,1,1,1,1,,0,
HSI00000776,OSF HealthCare System,Peoria,IL,1,1,1,INS00000318,9100563,5335,982,436,116,15,15,2,1487,70274,191.82,0,0,1,0,1,0,0,1,1,1,1,0,
HSI00000780,Ochsner Health System,New Orleans,LA,1,1,1,INS00000064,9102608,0359,1336,368,60,12,11,2,1513,60555,369.97,0,0,1,0,1,1,0,1,1,1,1,0,
HSI00000783,Ohio Valley Health Services and Education Corporation,Wheeling,WV,1,1,1,INS00000315,9100224,3315,112,31,3,2,2,2,203,6944,32.54,0,0,1,0,1,0,0,0,0,0,0,0,
HSI00000784,OhioHealth,Columbus,OH,1,1,1,INS00000314,9100382,0162,3426,347,134,13,13,1,2108,115002,358.31,0,0,1,1,1,1,0,1,1,1,1,0,
HSI00000788,Olathe Health System,Olathe,KS,1,1,0,INS00260839,9102016,,124,62,26,2,2,1,253,11294,0,0,0,0,0,0,0,0,0,0,1,0,0,
HSI00000789,Olmsted Medical Center,Rochester,MN,1,0,0,INS00118501,,,103,48,17,1,1,1,61,1923,0,0,0,0,0,0,0,1,0,0,0,0,0,
HSI00000795,Oregon Health and Science University,Portland,OR,1,1,0,INS00000316,9102704,,911,203,30,1,1,1,573,29800,474.24,0,0,1,1,2,1,0,0,1,1,1,0,
HSI00000796,Orlando Health,Orlando,FL,1,1,1,INS00000317,9100287,3355,583,208,58,5,4,1,1765,104882,227.71,0,0,0,0,1,1,1,1,1,1,1,0,
HSI00000802,Owensboro Health,Owensboro,KY,1,1,1,INS00642495,9102710,0982,122,43,17,2,2,1,434,16770,0,0,0,0,0,0,0,0,0,1,0,0,0,
HSI00000805,PIH Health,Whittier,CA,0,1,1,,9102966,0958,351,50,5,2,2,1,577,25196,43.76,0,0,0,0,1,0,0,1,0,1,1,0,
HSI00000807,Palmetto Health,Columbia,SC,1,1,1,INS00000319,9100242,4155,417,169,44,4,4,1,1266,52135,189.68,0,0,1,0,1,1,0,0,1,0,1,1,H4203
HSI00000809,Palomar Health,San Diego,CA,1,1,1,INS00754519,9100771,7555,165,32,3,2,2,1,537,31714,4.68,0,0,0,0,1,0,0,0,0,0,0,0,
HSI00000811,Parkview Health System,Fort Wayne,IN,1,1,1,INS00000323,9101702,0159,390,160,88,9,9,2,998,50413,60.65,0,0,0,0,1,0,1,1,1,0,1,0,
HSI00000813,"Partners HealthCare System, Inc",Boston,MA,1,1,1,INS00000324,9100014,1785,7368,1460,198,14,11,1,2958,144250,1149.81,0,0,1,1,2,0,0,0,1,0,1,0,
HSI00000814,PeaceHealth,Vancouver,WA,1,1,1,INS00000325,9101066,5415,1751,642,140,13,12,3,1573,106612,18.43,0,0,0,0,1,0,1,1,1,1,1,0,
HSI00000818,"Peninsula Regional Health System, Inc",Salisbury,MD,1,0,0,INS00260826,,,143,45,17,1,1,1,364,17044,0,0,0,0,0,0,0,0,0,1,0,0,0,
HSI00000819,Penn Highlands Healthcare,Dubois,PA,1,1,0,INS00750078,9102301,,208,76,63,4,4,1,331,13243,0,0,0,0,0,0,1,0,0,0,0,0,0,
HSI00000820,University of Pennsylvania Health System,Philadelphia,PA,1,1,1,INS00000461,9101711,0168,3426,743,227,8,7,2,2610,141264,1038.79,0,0,1,1,2,0,0,0,1,1,1,1,H9830
HSI00000821,Penn State Milton S Hershey Medical Center,Hershey,PA,1,1,1,INS00059469,9102716,0989,1017,281,41,4,3,1,746,36868,585.06,0,0,1,1,2,0,0,0,1,1,1,0,
HSI00000823,Phoebe Putney Health Systems,Albany,GA,1,1,1,INS00000327,9103263,0314,180,80,36,7,7,1,572,22125,15.72,0,0,0,0,1,1,1,1,0,0,1,0,
HSI00000824,Phoenix Childrens Hospital,Phoenix,AZ,1,0,0,INS00545422,,,385,148,10,1,1,1,389,12521,123.58,0,2,1,0,2,0,0,0,1,0,0,0,
HSI00000826,"Piedmont Healthcare, Inc",Atlanta,GA,1,1,1,INS00409120,9102816,0310,914,267,143,7,7,1,1471,96995,8.53,0,0,0,0,1,0,0,1,1,1,1,0,
HSI00000828,PinnacleHealth System,Harrisburg,PA,1,1,0,INS00000328,9100140,,397,151,53,3,2,1,689,35662,129.45,0,0,0,0,1,0,0,0,1,1,0,0,
HSI00000832,Pocono Health System,East Stroudsburg,PA,1,1,0,INS00650309,9103251,,152,35,27,1,1,1,217,11452,0,0,0,0,0,0,0,1,0,0,0,0,0,
HSI00000833,Pomona Valley Hospital Medical Center,Pomona,CA,1,0,0,INS00754874,,,87,31,8,1,1,1,386,21427,18.34,0,0,0,0,1,1,0,0,1,1,0,1,H0545
HSI00000835,"Porter Medical Center, Inc",Middlebury,VT,1,0,0,INS00559618,,,64,38,11,1,1,1,25,1454,0,0,0,0,0,0,0,0,0,0,0,0,0,
HSI00000843,Presbyterian Healthcare Services,Albuquerque,NM,1,1,1,INS00000330,9100747,3505,824,283,62,9,8,1,896,45510,3.16,0,0,0,0,1,1,0,0,1,1,1,1,H3206; H3204
HSI00000844,Presence Health,Chicago,IL,1,1,1,INS00000343,9101795,0851,1153,457,111,15,14,1,2645,110861,358.49,0,0,1,0,1,1,0,1,1,0,1,0,
HSI00000845,"Prime Healthcare Services, Inc",Ontario,CA,1,1,1,INS00105344,9102779,0357,1336,320,59,44,40,3,5486,221963,293.08,1,0,1,0,1,1,1,1,1,1,1,0,
HSI00000846,Princeton HealthCare System,Plainsboro,NJ,1,1,0,INS00494064,9103330,,103,25,11,1,1,1,206,13139,33.38,0,0,0,0,1,0,0,0,1,1,0,0,
HSI00000847,ProHealth Care,Waukesha,WI,1,1,1,INS00470744,9101492,0153,283,126,23,3,2,1,298,15654,22.83,0,0,0,0,1,0,0,0,1,1,0,0,
HSI00000848,ProMedica Health System,Toledo,OH,1,1,1,INS00000332,9101705,0197,653,211,147,12,12,2,1642,73319,104.23,0,0,0,0,1,0,0,1,1,1,1,1,H3653
HSI00000851,"Prospect Medical Holdings, Inc",Los Angeles,CA,1,0,0,INS00670340,,,1587,1048,63,15,12,3,1781,70137,188.04,1,0,1,0,1,1,0,1,1,1,0,0,
HSI00000852,Providence Health and Services,Renton,WA,1,1,0,INS00000335,9100947,,8640,3016,337,35,34,3,5472,301158,228.74,0,0,1,0,1,1,0,1,1,1,1,1,H3809; H9047; H5007
HSI00000862,RCCH HealthCare Partners,Brentwood,TN,1,1,1,INS00648662,9102321,0996,353,128,30,19,19,3,2251,77557,18.07,1,0,0,0,1,1,0,1,1,1,1,0,
HSI00000863,RWJBarnabas Health,West Orange,NJ,1,1,1,INS00000351,9101745,0994,1590,461,53,15,13,1,3758,177592,835.22,0,0,1,0,1,1,0,0,1,1,0,0,
HSI00000864,Rady Childrens Hospital,San Diego,CA,1,0,0,INS00643059,,,526,244,44,1,1,1,386,19180,111.34,0,2,1,0,2,0,0,0,1,0,0,0,
HSI00000866,Reading Health System,Reading,PA,1,1,0,INS00000425,9103374,,321,164,51,1,1,1,508,28172,96.92,0,0,0,0,1,0,1,1,0,1,0,0,
HSI00000868,Regional Health,Rapid City,SD,1,1,1,INS00104608,9100513,8495,274,118,28,11,10,3,516,19248,16.38,0,0,0,0,1,0,0,1,0,1,0,0,
HSI00000870,Regional One Health,Memphis,TN,1,1,0,INS00683757,9103257,,71,18,4,1,1,1,268,10818,146.21,0,0,1,0,2,1,1,1,0,1,,0,
HSI00000871,Regional West Health Services,Scottsbluff,NE,1,1,0,INS00642199,9103321,,110,31,25,2,2,1,132,5932,0,0,0,0,0,0,0,0,0,0,0,1,0,
HSI00000873,Reid Hospital and Health Care Services,Richmond,IN,1,0,0,INS00744179,,,108,32,10,1,1,1,165,10410,1.51,0,0,0,0,1,0,0,0,1,0,0,0,
HSI00000874,Renown Health,Reno,NV,1,1,1,INS00000506,9101381,2625,346,165,52,3,2,1,695,34256,56.93,0,0,0,0,1,0,0,0,1,0,1,1,H2906; H2960
HSI00000879,Richmond University Medical Center,Staten Island,NY,1,0,0,INS00722805,,,191,71,1,1,1,1,271,13655,130.5,0,0,1,0,2,1,0,0,1,1,,0,
HSI00000880,Rideout Health Group,Yuba City,CA,1,1,0,INS00106675,9103265,,79,22,13,2,2,1,219,10843,0,0,0,0,0,0,0,0,0,0,0,0,0,
HSI00000881,Ridgeview Medical Center,Waconia,MN,1,1,1,INS00642499,9102975,0964,75,35,29,2,2,1,129,6210,0,0,0,0,0,0,0,0,0,1,1,,0,
HSI00000882,"Riverside Health Care System, Inc",Yonkers,NY,1,1,0,INS00000346,9102597,,83,23,2,3,2,1,378,16853,0,0,0,0,0,0,1,0,0,0,1,0,0,
HSI00000883,Riverside Health System,Newport News,VA,1,1,1,INS00000345,9100216,4810,3228,169,84,9,6,1,672,27225,60,0,0,0,0,1,0,0,1,1,1,1,1,H3473; H8655
HSI00000887,Riverview Health,Noblesville,IN,1,1,0,INS00644706,9103354,,79,38,28,1,1,1,105,3821,0,0,0,0,0,0,0,0,0,1,1,0,0,
HSI00000889,Rochester Regional Health System,Rochester,NY,1,1,1,INS00000502,9101450,0046,810,384,101,6,5,1,1092,53225,169.87,0,0,1,0,1,1,0,0,1,0,0,1,H3331
HSI00000896,Rush Health Systems,Meridian,MS,1,1,1,INS00519874,9101057,0220,94,53,25,7,6,2,307,8410,5.12,0,0,0,0,1,0,1,1,0,0,1,0,
HSI00000897,Rush System for Health,Chicago,IL,1,1,1,INS00000349,9100552,3855,1131,282,51,5,4,1,1208,54309,572.48,0,0,1,1,2,0,0,0,1,1,0,0,
HSI00000900,Rutland Regional Health Services,Rutland,VT,1,0,0,INS00644919,,,99,15,10,1,1,1,123,6446,0,0,0,0,0,0,0,0,0,0,1,0,0,
HSI00000902,SSM Health,Saint Louis,MO,1,1,1,INS00000381,9100589,5455,2608,891,210,35,32,3,3827,179117,547.5,0,1,1,1,1,1,0,1,1,1,1,1,H9096
HSI00000904,SUNY Upstate Medical University,Syracuse,NY,1,1,0,INS00642960,9102811,,895,168,39,2,2,1,641,26859,334.84,0,0,1,0,2,0,0,0,0,0,0,0,
HSI00000906,Sacred Heart HealthCare System,Allentown,PA,1,0,0,INS00701754,,,70,40,23,1,1,1,119,4055,19.89,0,0,0,0,1,1,0,0,0,0,0,0,
HSI00000909,Saint Anthony Medical Center,Saint Louis,MO,1,0,0,INS00644996,,,194,83,28,1,1,1,548,20638,0,0,0,0,0,0,0,0,0,0,1,0,0,
HSI00000910,Saint Barnabas Hospital,Bronx,NY,1,1,0,INS00000382,9103278,,334,143,21,1,1,1,336,12939,277.05,0,0,1,1,2,1,0,0,0,1,1,0,
HSI00000911,Saint Bernards Healthcare,Jonesboro,AR,1,0,0,INS00519752,,,135,46,23,3,2,1,346,17770,18.6,0,0,0,0,1,0,0,0,0,1,1,1,H4305
HSI00000912,Saint Charles Health System,Bend,OR,1,1,1,INS00000383,9102316,0250,205,65,16,4,4,1,312,18627,0.65,0,0,0,0,1,0,0,1,1,0,1,0,
HSI00000913,Saint Clair Memorial Hospital,Pittsburgh,PA,1,0,0,INS00610136,,,99,34,8,1,1,1,293,16317,0,0,0,0,0,0,0,0,0,0,1,0,0,
HSI00000914,Saint Claire Regional Medical Center,Morehead,KY,1,0,0,INS00642644,,,72,33,8,1,1,1,91,4064,8.55,0,0,0,0,1,1,0,0,0,0,0,0,
HSI00000916,Saint Dominic Health Services,Jackson,MS,1,1,0,INS00000384,9100361,,141,63,34,1,1,1,535,24015,0,0,0,0,0,0,0,0,0,0,0,,0,
HSI00000917,Saint Elizabeth Healthcare,Edgewood,KY,1,1,1,INS00000386,9102635,0618,452,210,63,4,4,1,777,49013,23.9,0,0,0,0,1,0,0,1,0,1,1,0,
HSI00000919,Saint Francis Health System,Tulsa,OK,1,1,1,INS00000353,9101285,0254,336,160,44,6,5,2,942,48121,44.67,0,0,0,0,1,0,0,0,0,0,1,1,H4198
HSI00000920,Saint Francis Healthcare System,Cape Girardeau,MO,1,1,0,INS00754915,9103302,,128,43,12,1,1,1,264,11698,0,0,0,0,0,0,0,0,0,1,1,0,0,
HSI00000924,Saint Joseph Health System,Irvine,CA,1,1,0,INS00000394,9100783,,1204,421,138,16,15,3,2665,120415,19.2,0,0,0,0,1,1,0,1,1,1,1,1,H4525
HSI00000925,Saint Joseph Medical Center,Yonkers,NY,1,0,0,INS00634766,,,121,46,7,1,1,1,132,4887,35.55,0,0,1,0,2,1,1,1,1,1,1,0,
HSI00000927,Saint Josephs Candler Health System,Savannah,GA,1,1,0,INS00000389,9101968,,85,41,23,3,3,1,472,22554,0,0,0,0,0,0,0,0,1,0,0,0,0,
HSI00000929,"Saint Josephs Healthcare System, Inc",Paterson,NJ,1,1,0,INS00000390,9103268,,342,93,13,2,2,1,714,34517,221.31,0,0,1,0,2,1,0,0,1,1,,0,
HSI00000930,Saint Lawrence Health System,Potsdam,NY,1,0,1,INS00756424,,0928,73,26,11,2,2,1,119,5123,0,0,0,0,0,0,1,0,1,1,1,0,0,
HSI00000932,Saint Lukes Cornwall Hospital,Newburgh,NY,1,1,0,INS00644918,9103296,,91,14,11,1,1,1,193,9524,0,0,0,0,0,0,0,0,0,0,1,1,0,
HSI00000933,Saint Lukes Episcopal Presbyterian Hospital,Chesterfield,MO,1,0,0,INS00644555,,,163,50,21,1,1,1,399,13816,38.11,0,0,0,0,1,0,0,0,0,1,0,0,
HSI00000934,Saint Lukes Health System,Boise,ID,1,1,1,INS00000395,9103237,0356,728,270,115,9,8,1,839,43155,8.62,0,0,0,0,1,0,0,1,1,0,0,0,
HSI00000935,Saint Lukes Health System,Kansas City,MO,1,1,1,INS00000398,9101406,0120,565,171,44,12,9,2,828,44739,112.32,0,0,1,0,1,0,0,1,1,1,1,0,
HSI00000936,Saint Lukes Hospital and Health Network,Bethlehem,PA,1,1,1,INS00000397,9102324,0862,1728,298,139,6,6,2,711,52566,147.5,0,0,1,0,1,0,0,0,1,1,0,0,
HSI00000937,Saint Lukes Hospital of Duluth,Duluth,MN,1,1,0,INS00525390,9103252,,209,89,39,2,2,1,254,10735,8.57,0,0,0,0,1,0,0,0,1,0,0,0,
HSI00000940,Saint Marys Medical Management,Huntington,WV,1,0,1,INS00644203,,5235,59,29,12,1,1,1,354,15728,29.32,0,0,0,0,1,0,1,0,0,0,0,0,
HSI00000942,Saint Peters Healthcare System,New Brunswick,NJ,1,1,0,INS00754918,9103267,,221,74,7,1,1,1,348,18048,115.85,0,0,1,0,2,0,0,0,1,1,0,0,
HSI00000943,Saint Peters Hospital,Helena,MT,1,0,0,INS00644659,,,75,26,3,1,1,1,101,5143,0,0,0,0,0,0,0,0,0,0,0,0,0,
HSI00000944,Slidell Memorial Hospital,Slidell,LA,1,0,0,INS00721900,,,60,26,5,1,1,1,228,6979,1.57,0,0,0,0,1,0,0,0,0,1,0,0,
HSI00000947,Salem Health,Salem,OR,0,0,1,,,0403,73,,,2,2,1,388,23350,0,0,0,0,0,0,0,0,1,1,0,0,0,
HSI00000948,"Salina Regional Health Center, Inc",Salina,KS,1,0,1,INS00059472,,1002,65,19,10,3,3,1,214,8244,12.56,0,0,0,0,1,0,0,0,0,0,0,0,
HSI00000949,Salinas Valley Memorial Healthcare System,Salinas,CA,1,1,0,INS00260831,9103283,,177,58,27,1,1,1,218,10683,0,0,0,0,0,0,1,1,1,0,0,1,0,
HSI00000951,Samaritan Health Services,Corvallis,OR,1,1,1,INS00479993,9101545,0186,440,207,67,5,5,1,297,15593,77.54,0,0,1,0,2,0,0,0,0,0,1,1,H3811
HSI00000952,Samaritan Health System,Watertown,NY,1,0,0,INS00642905,,,77,33,15,1,1,1,157,7443,12.2,0,0,0,0,1,0,1,1,0,0,0,0,
HSI00000956,"San Juan Regional Medical Center, Inc",Farmington,NM,1,0,0,INS00642888,,,66,13,8,2,1,1,184,9747,0,0,0,0,0,0,1,0,0,0,0,0,0,
HSI00000958,Sanford Health,Sioux Falls,SD,1,1,1,INS00000367,9101076,0530,1526,558,193,33,33,3,1785,72196,121.32,0,0,0,0,1,1,0,1,1,1,1,1,H3503
HSI00000961,Sarah Bush Lincoln Health System,Mattoon,IL,1,0,0,INS00405299,,,84,37,22,1,1,1,85,6483,0,0,0,0,0,0,0,0,0,0,0,0,0,
HSI00000962,"Sarasota Memorial Health Care System, Inc",Sarasota,FL,1,1,0,INS00771814,9102780,,185,92,42,1,1,1,667,29629,0,0,0,0,0,0,0,1,1,0,0,1,0,
HSI00000963,Saratoga Hospital,Saratoga Springs,NY,1,0,0,INS00653170,,,95,36,22,1,1,1,171,8898,0,0,0,0,0,0,0,0,0,0,0,0,0,
HSI00000968,Scripps Health,San Diego,CA,1,1,1,INS00000360,9100943,1505,1794,404,76,5,5,1,1245,66744,168.84,0,0,1,0,1,1,0,1,1,0,0,0,
HSI00000969,Seattle Childrens Hospital Research and Foundation,Seattle,WA,1,0,0,INS00645231,,,665,229,15,1,1,1,334,12081,238.94,0,2,1,1,2,0,0,0,1,0,0,0,
HSI00000972,Sentara Healthcare,Norfolk,VA,1,1,1,INS00000361,9100215,2565,2176,401,226,14,12,3,2529,128811,151.69,0,0,1,0,1,0,0,1,0,1,1,1,H2563; H2941
HSI00000975,Shannon Health System,San Angelo,TX,1,1,0,INS00084392,9101442,,193,73,23,2,1,1,256,12133,0,0,0,0,0,0,0,1,0,0,0,0,0,
HSI00000977,Sharp HealthCare,San Diego,CA,1,1,1,INS00000363,9101162,2065,1285,434,51,6,5,1,1564,74174,0,0,0,0,0,0,1,0,0,1,0,1,1,H5386
HSI00000981,Shriners Hospitals for Children,Tampa,FL,1,1,1,INS00000364,9100305,4125,205,18,1,19,19,3,,,,,2,,,,,,,0,0,0,0,
HSI00000984,Signature Healthcare,Brockton,MA,1,1,0,INS00539809,9103258,,229,82,21,1,1,1,175,10327,15.31,0,0,0,0,1,1,0,0,1,1,0,0,
HSI00000987,Sinai Health System,Chicago,IL,1,1,1,INS00506010,9103341,0284,283,101,9,3,3,1,535,24673,133.58,0,0,1,0,1,1,0,0,1,1,,0,
HSI00000988,Singing River Health System,Gautier,MS,1,1,0,INS00000366,9100365,,93,23,14,2,2,1,350,15258,0,0,0,0,0,0,0,0,0,0,0,0,0,
HSI00000990,Sisters of Charity Health System,Cleveland,OH,1,1,1,INS00103469,9103271,5125,198,80,20,3,2,2,408,23207,91.89,0,0,1,0,1,1,0,0,1,0,1,0,
HSI00000991,SCL Health,Broomfield,CO,1,1,1,INS00000368,9101426,5095,744,274,84,11,10,3,1752,82510,134.03,0,0,1,0,1,0,0,0,1,1,1,0,
HSI00000994,Sky Lakes Medical Center,Klamath Falls,OR,1,0,0,INS00741724,,,106,65,11,1,1,1,105,5084,22.06,0,0,0,0,1,0,0,0,1,0,1,0,
HSI00000996,South Central Reg Medical Center,Laurel,MS,0,1,0,,9102880,,53,23,3,1,1,1,268,7353,0,0,0,0,0,0,0,0,0,0,0,0,0,
HSI00000999,South Georgia Health System,Valdosta,GA,1,1,0,INS00492734,9102317,,66,22,8,5,5,1,352,13453,0,0,0,0,0,0,1,0,1,0,0,0,0,
HSI00001001,South Nassau Communities Hospital,Oceanside,NY,0,1,0,,9102881,,78,28,3,1,1,1,351,19298,56.97,0,0,0,0,1,0,0,0,0,1,0,0,
HSI00001002,South Shore Health System,South Weymouth,MA,1,0,0,INS00014902,,,303,102,6,1,1,1,368,25097,0,0,0,0,0,0,0,0,0,1,1,0,0,
HSI00001004,"Southcoast Health System, Inc",New Bedford,MA,1,1,0,INS00000373,9101749,,410,145,61,3,3,1,835,34255,0,0,0,0,0,0,0,0,0,1,0,0,0,
HSI00001006,Southeast Georgia Health System,Brunswick,GA,1,1,1,INS00260830,9102297,0253,106,43,24,2,2,1,356,15064,0,0,0,0,0,0,0,0,1,0,0,0,0,
HSI00001007,Southeast Health,Cape Girardeau,MO,1,1,1,INS00654023,9102482,0628,88,26,14,4,4,1,265,9229,0,0,0,0,0,0,0,0,1,0,1,0,0,
HSI00001008,Southeastern Health,Lumberton,NC,0,1,0,,9103261,,55,21,5,1,1,1,256,15455,5.35,0,0,0,0,1,1,1,1,0,0,0,0,
HSI00001009,Southern Illinois Healthcare,Carbondale,IL,1,1,1,INS00084393,9100573,4175,120,52,23,4,4,1,294,17877,13.26,0,0,0,0,1,0,1,1,0,0,0,0,
HSI00001016,Southwestern Vermont Health Care,Bennington,VT,1,0,0,INS00539929,,,81,30,11,1,1,1,78,3327,1.55,0,0,0,0,1,0,0,0,1,0,,0,
HSI00001018,Sparrow Health System,Lansing,MI,1,1,1,INS00000378,9101372,1245,433,158,51,5,4,1,623,35451,198.36,0,0,1,0,2,0,0,0,0,0,1,0,
HSI00001020,Spartanburg Regional Healthcare System,Spartanburg,SC,1,1,1,INS00000379,9100246,4195,466,211,51,4,3,1,525,29219,54.69,0,0,0,0,1,0,0,1,1,1,1,1,H7542
HSI00001021,Spectrum Health,Grand Rapids,MI,1,1,1,INS00000380,9100458,0177,1260,488,144,10,9,1,1310,72586,232.47,0,0,0,0,1,1,0,0,0,0,1,1,H2320; H4875
HSI00001032,Stamford Hospital,Stamford,CT,1,1,0,INS00644097,9101547,,159,42,11,1,1,1,267,13769,66.39,0,0,0,0,1,0,0,0,1,1,0,0,
HSI00001033,Stanford Health Care,Stanford,CA,1,1,1,INS00014904,9102744,0156,2528,512,93,4,3,1,906,46691,712.53,0,1,1,1,2,0,0,1,1,1,1,1,H2986
HSI00001037,"Steward Health Care System, LLC",Boston,MA,1,1,1,INS00000107,9100013,0141,1240,411,97,10,9,1,1363,70933,184.89,1,0,1,1,1,1,0,0,1,1,,0,
HSI00001038,Stony Brook University Medical Center,Stony Brook,NY,1,1,0,INS00645251,9103303,,476,112,32,1,1,1,562,31708,411.26,0,0,1,1,2,0,0,0,0,1,1,0,
HSI00001039,Stormont Vail Health,Topeka,KS,1,1,0,INS00084396,9100609,,275,106,29,1,1,1,391,23406,0.95,0,0,0,0,1,0,0,0,0,1,1,0,
HSI00001041,Sturdy Memorial Hospital,Attleboro,MA,1,0,0,INS00644901,,,105,42,15,1,1,1,127,6593,0,0,0,0,0,0,0,0,0,0,0,0,0,
HSI00001042,"Success Healthcare, LLC",Boca Raton,FL,1,0,1,INS00755020,,0517,58,17,2,2,2,2,344,9270,1.06,1,0,0,0,1,1,1,1,0,1,0,0,
HSI00001043,Summa Health System,Akron,OH,1,1,1,INS00000402,9101777,0399,626,181,60,5,3,1,877,41928,260.45,0,0,1,0,2,0,0,0,1,1,1,1,H3660
HSI00001045,Summit Health,Chambersburg,PA,1,1,1,INS00642763,9101373,0189,181,60,39,3,3,2,280,14656,0.77,0,0,0,0,1,0,1,1,0,1,0,0,
HSI00001049,Susquehanna Health System,Williamsport,PA,1,1,1,INS00000404,9101073,0066,186,69,31,4,3,1,283,13082,19.92,0,0,0,0,1,0,0,0,0,0,1,0,
HSI00001050,Sutter Health,Sacramento,CA,1,1,1,INS00000405,9100821,8795,10610,1708,417,28,26,2,3727,177039,150.98,0,0,1,0,1,1,1,1,1,1,1,1,H5406
HSI00001051,Swedish Health Services,Seattle,WA,0,1,1,,9102167,0871,606,225,3,5,5,1,1000,60667,95.56,0,0,0,0,1,0,0,0,1,1,0,0,
HSI00001055,TMC HealthCare,Tucson,AZ,1,1,0,INS00485399,9101446,,114,46,8,1,1,1,497,30145,50.09,0,0,0,0,1,0,1,1,1,0,0,0,
HSI00001060,Tallahassee Memorial HealthCare,Tallahassee,FL,1,1,0,INS00000408,9103248,,227,131,21,2,2,1,414,29348,66.63,0,0,0,0,1,0,1,1,0,0,0,0,
HSI00001061,Tanner Health System,Carrollton,GA,1,1,1,INS00469074,9101778,0341,297,54,30,3,3,1,220,11471,0,0,0,0,0,0,0,0,1,0,0,0,0,
HSI00001063,JPS Health Network,Fort Worth,TX,1,1,0,INS00260838,9102784,,465,223,54,2,2,1,405,23337,186.6,0,0,1,0,2,1,1,1,0,0,0,0,
HSI00001065,"Temple University Health System, Inc",Philadelphia,PA,1,1,1,INS00000410,9101739,0169,1158,286,62,4,3,1,834,37136,426.23,0,0,1,1,2,1,0,0,0,0,1,0,
HSI00001066,Tenet Healthcare Corporation,Dallas,TX,1,1,1,INS00000411,9100666,0919,6297,1587,592,86,82,3,16315,751856,2122.5,1,1,1,1,1,1,0,1,1,1,1,1,H8554; H7960; H5985
HSI00001069,Texas Childrens Hospital,Houston,TX,1,1,0,INS00000412,9103322,,808,367,66,1,1,1,681,33977,394,0,2,1,0,2,0,0,0,0,0,0,0,
HSI00001072,Texas Health Resources,Arlington,TX,1,1,1,INS00000413,9100669,0129,4779,1138,153,22,19,1,3159,166311,33.53,0,0,0,0,1,0,0,1,1,0,1,0,
HSI00001073,Kings Daughters Health,Madison,IN,1,0,0,INS00691444,,,55,24,8,1,1,1,89,3220,0,0,0,0,0,0,0,0,0,1,0,0,0,
HSI00001074,The Carle Foundation,Urbana,IL,1,1,1,INS00000415,9103337,2575,522,207,25,2,2,1,383,25154,51.07,0,0,0,0,1,0,0,1,0,0,1,1,H1417; H1463; H1737; H2591; H9689; H3471
HSI00001075,The Childrens Hospital of Philadelphia,Philadelphia,PA,1,0,0,INS00000126,,,1305,565,51,1,1,1,520,22064,404.29,0,2,1,1,2,0,0,0,1,0,0,0,
HSI00001076,The Childrens Mercy Hospitals and Clinics,Kansas City,MO,1,1,0,INS00469065,9102669,,798,341,10,2,2,2,351,13998,186.8,0,2,1,1,2,0,0,0,1,0,0,0,
HSI00001077,The Christ Hospital Health Network,Cincinnati,OH,1,0,0,INS00642535,,,337,121,93,1,1,1,393,21596,78.4,0,0,0,0,1,0,0,0,1,1,0,0,
HSI00001078,The Cleveland Clinic Health System,Cleveland,OH,1,1,1,INS00000416,9101715,0212,4256,1122,192,16,14,2,3455,168068,1260.29,0,0,1,1,2,1,0,1,1,1,0,0,
HSI00001079,The Cooper Health System,Camden,NJ,1,1,0,INS00000417,9101889,,635,194,82,1,1,1,532,29426,306.39,0,0,1,0,2,1,0,0,1,1,1,0,
HSI00001080,The Erie County Medical Center Corporation,Buffalo,NY,1,0,0,INS00000165,,,233,49,3,1,1,1,309,13984,155.82,0,0,1,0,2,1,1,0,1,1,0,0,
HSI00001081,Houston Methodist,Houston,TX,1,1,1,INS00000422,9100681,7235,640,138,53,7,6,1,1996,95948,252.12,0,0,1,0,1,0,0,1,0,0,0,0,
HSI00001082,"The Methodist Hospitals, Inc",Gary,IN,1,1,0,INS00000420,9103315,,92,15,11,2,2,1,438,16026,3,0,0,0,0,1,0,0,0,0,0,0,0,
HSI00001083,The MetroHealth System,Cleveland,OH,1,1,0,INS00000421,9100393,,859,332,24,1,1,1,519,24471,367.96,0,0,1,1,2,1,0,0,1,0,1,0,
HSI00001085,The Nebraska Medical Center,Omaha,NE,1,1,0,INS00000297,9102765,,663,164,43,3,3,1,590,31023,330,0,0,1,1,2,0,0,0,1,0,0,0,
HSI00001086,The Ohio State University Wexner Medical Center,Columbus,OH,1,1,1,INS00000423,9103015,0251,2015,352,97,5,4,1,1160,60451,565.14,0,0,1,0,2,1,0,1,1,1,1,0,
HSI00001087,The Queens Health Systems,Honolulu,HI,1,1,1,INS00000424,9102806,0040,232,88,13,3,3,1,627,31696,107.07,0,0,0,0,1,0,0,0,0,0,0,0,
HSI00001089,The University of Chicago Medicine,Chicago,IL,1,1,1,INS00000434,9101378,0058,1270,344,33,2,2,1,896,41635,593.27,0,0,1,1,2,1,0,0,1,1,1,0,
HSI00001090,The University of Toledo Medical Center,Toledo,OH,1,1,0,INS00000254,9102810,,350,76,13,1,1,1,240,10275,204.63,0,0,1,1,2,0,0,0,1,1,0,0,
HSI00001092,"ThedaCare, Inc",Appleton,WI,1,1,1,INS00084399,9100490,2445,336,156,62,7,7,1,386,18957,13.25,0,0,0,0,1,0,0,1,1,0,0,0,
HSI00001093,Thomas Health System,Charleston,WV,1,1,1,INS00811300,9103238,0643,55,24,3,2,2,1,291,9595,0,0,0,0,0,0,0,0,0,0,0,0,0,
HSI00001096,Tidelands Health,Georgetown,SC,1,1,0,INS00771122,9103299,,100,36,41,2,2,1,255,10967,0,0,0,0,0,0,0,0,0,0,0,0,0,
HSI00001097,Tift Regional Health System,Tifton,GA,0,1,1,,9103304,0910,83,35,3,2,2,1,214,9549,0,0,0,0,0,0,0,0,1,1,0,0,0,
HSI00001099,Torrance Memorial Medical Center,Torrance,CA,1,0,0,INS00778164,,,223,90,13,1,1,1,609,24096,0,0,0,0,0,0,0,1,1,1,1,1,0,
HSI00001104,TriHealth,Cincinnati,OH,1,1,0,INS00000429,9101495,,622,282,114,3,3,1,423,28916,38.6,0,0,0,0,1,0,1,1,0,1,0,0,
HSI00001105,Trinitas Regional Medical Center,Elizabeth,NJ,1,1,0,INS00645257,9103219,,170,20,16,1,1,1,248,13878,41.61,0,0,0,0,1,1,1,1,0,1,0,0,
HSI00001106,Trinity Health,Livonia,MI,1,1,1,INS00058031,9100445,0906,8790,3302,733,96,93,3,14706,736621,1749.26,0,0,1,1,1,1,0,1,1,1,1,1,H1234; H3493; H1846; H3668; H3919; H5493; H2936
HSI00001107,Trinity Health,Minot,ND,1,0,0,INS00104609,,,157,62,29,2,2,1,228,7777,5,0,0,0,0,1,0,0,1,0,0,0,0,
HSI00001108,Trinity Health System,Steubenville,OH,1,1,0,INS00000431,9101779,,101,34,22,2,2,1,224,9630,0,0,0,0,0,0,0,0,0,0,0,0,0,
HSI00001109,Trios Health,Kennewick,WA,1,1,0,INS00491637,9103300,,81,40,19,1,1,1,135,6045,11.59,0,0,0,0,1,0,1,0,0,0,0,0,
HSI00001110,Truman Medical Centers,Kansas City,MO,1,0,1,INS00260833,,9255,545,185,13,2,2,1,348,19493,226.12,0,0,1,1,2,1,1,1,0,1,0,0,
HSI00001111,Tuality Healthcare,Hillsboro,OR,1,1,0,INS00523049,9102751,,100,29,18,3,3,1,194,3859,0,0,0,0,0,0,0,1,1,1,1,0,0,
HSI00001116,UAB Health System,Birmingham,AL,1,1,1,INS00000432,9101175,9105,1305,138,61,5,4,1,1241,49922,555.82,0,0,1,0,2,0,0,0,1,1,1,1,H0154
HSI00001118,UC Health,Cincinnati,OH,1,1,1,INS00000192,9101494,0082,1718,153,44,6,3,1,631,34444,477.9,0,0,1,1,2,1,0,0,0,1,0,0,
HSI00001121,UF Health,Gainesville,FL,1,1,1,INS00000362,9101146,0111,1558,391,66,4,2,1,1264,74110,892.59,0,0,1,1,2,1,1,1,0,1,0,0,
HSI00001122,UMass Memorial Health Care,Worcester,MA,1,1,1,INS00000446,9100006,0224,1239,405,76,5,5,1,781,48524,513.15,0,0,1,1,2,0,0,0,1,1,1,0,
HSI00001123,UNC Health Care System,Chapel Hill,NC,1,1,1,INS00000459,9102604,0901,1563,445,190,11,10,1,2721,126599,627.31,0,0,1,1,1,0,0,1,1,1,1,0,
HSI00001125,UNM Hospitals,Albuquerque,NM,1,1,1,INS00479995,9102767,0021,1011,296,35,5,4,1,534,28021,419.79,0,0,1,1,2,1,0,0,0,1,0,0,
HSI00001126,UPMC,Pittsburgh,PA,1,1,1,INS00000462,9102548,0137,3610,985,649,20,18,1,4442,198319,1461.26,0,1,1,1,2,1,0,0,1,1,1,1,H3917; H3907; H5533; H4279
HSI00001130,USMD Health System,Irving,TX,1,1,1,INS00752049,9103312,0868,230,106,72,2,2,1,42,1997,0,1,0,0,0,0,0,0,0,1,0,0,0,
HSI00001132,UW Health,Madison,WI,1,1,0,INS00000471,9102605,,1845,534,114,2,2,2,857,49686,426.61,0,0,1,1,2,0,0,0,1,1,1,0,
HSI00001133,UW Medicine,Seattle,WA,1,1,1,INS00000470,9100841,6415,3164,722,185,4,4,1,1170,60650,770.95,0,0,1,1,2,1,0,0,1,1,1,0,
HSI00001136,Union Hospital,Elkton,MD,1,1,0,INS00519988,9102807,,51,19,5,1,1,1,110,6367,0,0,0,0,0,0,0,0,0,0,0,0,0,
HSI00001137,"Union Hospital, Inc",Terre Haute,IN,1,1,0,INS00723473,9101752,,103,37,9,2,2,1,267,15207,20.98,0,0,0,0,1,0,0,0,1,0,0,0,
HSI00001138,United Health Services,Binghamton,NY,1,1,1,INS00000440,9100113,0288,240,119,51,3,3,1,477,16634,72.76,0,0,0,0,1,0,0,0,0,1,0,0,
HSI00001143,United Regional Health Care System,Wichita Falls,TX,1,1,0,INS00084401,9101791,,69,29,5,1,1,1,275,14690,17.51,0,0,0,0,1,0,1,0,0,0,0,0,
HSI00001145,Unity Health,Searcy,AR,1,0,0,INS00539521,,,57,20,5,4,3,1,286,14485,13.89,0,0,0,0,1,1,0,0,0,0,0,0,
HSI00001146,UnityPoint Health,West Des Moines,IA,1,1,1,INS00000220,9102315,0061,1706,749,224,30,30,3,2879,133889,200.9,0,0,0,0,1,1,0,1,1,1,1,1,H8424
HSI00001148,"Universal Health Services, Inc",Norristown,PA,1,1,1,INS00000454,9100948,9555,1989,456,44,168,30,3,5113,245195,506.07,1,1,1,1,1,1,0,1,1,1,1,1,H5945; H7680
HSI00001151,University Health Care System,Augusta,GA,1,1,1,INS00000455,9102241,0896,183,59,12,2,2,1,520,15973,3.68,0,0,0,0,1,0,0,1,0,1,0,0,
HSI00001153,University of Tennessee Medical Center,Knoxville,TN,1,1,0,INS00014910,9102809,,288,115,29,1,1,1,599,30353,192.89,0,0,1,0,2,0,0,0,0,1,0,0,
HSI00001155,University of Mississippi Health Care,Jackson,MS,1,1,1,INS00611640,9102763,0915,1253,345,23,3,3,1,885,34371,627.39,0,0,1,1,2,1,0,1,0,0,1,0,
HSI00001156,University Hospitals,Cleveland,OH,1,1,1,INS00000439,9100392,0112,3010,1003,258,17,15,1,2202,114832,829.31,0,1,1,1,2,0,0,1,1,1,0,0,
HSI00001159,University Medical Center Health System,Lubbock,TX,1,1,0,INS00644836,9102652,,528,274,14,1,1,1,429,21116,207,0,0,1,0,2,0,1,0,0,1,0,0,
HSI00001160,University Medical Center of Southern Nevada,Las Vegas,NV,1,0,0,INS00000457,,,179,87,11,1,1,1,520,22739,190.53,0,0,1,0,2,1,1,0,0,0,,0,
HSI00001165,University Of Texas Health System,Austin,TX,0,1,1,,9101491,0033,4670,833,127,8,7,1,1871,81263,1053.24,0,0,1,1,2,1,0,1,1,1,0,0,
HSI00001166,University of Arkansas for Medical Sciences,Little Rock,AR,1,1,0,INS00567585,9102808,,873,232,20,1,1,1,516,27897,287.4,0,0,1,0,2,1,0,0,1,0,1,0,
HSI00001168,University of California Office of the President Health Sciences and Services,Oakland,CA,1,0,1,INS00000433,,6405,7402,1877,397,10,10,1,3302,166782,2672.11,0,1,1,1,2,1,0,1,1,1,1,0,
HSI00001169,University of Colorado Health,Aurora,CO,1,1,1,INS00000456,9102760,0381,1982,548,90,7,6,2,2012,94695,607.26,0,1,1,1,2,1,0,0,1,1,1,0,
HSI00001170,University of Connecticut Health Center,Farmington,CT,1,1,0,INS00645236,9102772,,665,158,12,1,1,1,147,8224,223.37,0,0,1,1,2,0,0,0,0,0,0,0,
HSI00001171,University of Illinois Medical Center,Chicago,IL,1,1,0,INS00000441,9102645,,1230,348,45,1,1,1,446,19613,461,0,0,1,1,2,1,0,0,1,0,0,0,
HSI00001172,University of Iowa Hospitals and Clinics,Iowa City,IA,1,1,0,INS00000442,9102761,,1317,180,17,3,3,1,677,32044,581.68,0,0,1,1,2,0,0,1,1,0,0,0,
HSI00001173,University of Kansas Medical Center,Kansas City,KS,1,1,0,INS00000443,9102709,,1788,575,55,1,1,1,692,35967,349.69,0,0,1,0,2,0,0,0,1,1,0,0,
HSI00001174,University of Kentucky HealthCare,Lexington,KY,1,1,0,INS00000444,9102326,,1230,269,27,3,2,1,829,37789,484.7,0,0,1,0,2,1,0,0,0,0,0,0,
HSI00001175,University of Maryland Medical System,Baltimore,MD,1,1,1,INS00000445,9102590,0216,2027,525,98,12,11,1,2144,102284,638.39,0,0,1,1,2,1,0,0,0,0,1,1,H8854
HSI00001176,University of Miami Health System,Miami,FL,1,1,1,INS00593738,9101995,0881,2670,95,42,3,3,1,572,23313,172.06,0,0,1,1,2,1,0,0,0,1,0,0,
HSI00001177,University of Michigan Health System,Ann Arbor,MI,1,1,0,INS00000449,9102598,,2795,606,58,1,1,1,914,46249,963.32,0,0,1,1,2,0,0,0,1,0,0,0,
HSI00001178,University of Missouri Health Care,Columbia,MO,1,1,1,INS00000450,9101959,0227,1173,369,38,4,3,1,596,29383,337.72,0,1,1,1,2,0,0,0,0,1,0,0,
HSI00001179,University of Rochester Medical Center,Rochester,NY,1,1,1,INS00000401,9102603,0223,1220,281,81,3,3,1,1065,55477,727.51,0,0,1,1,2,1,0,0,0,1,0,0,
HSI00001180,University of South Alabama Hospitals,Mobile,AL,1,1,1,INS00000463,9101710,0057,357,137,20,2,2,1,415,16247,204.79,0,1,1,1,2,1,0,1,1,0,0,0,
HSI00001181,University of Southern California,Los Angeles,CA,1,1,1,INS00593900,9102928,0954,756,122,42,3,3,1,494,18360,126.56,0,0,1,0,2,0,0,0,1,1,0,0,
HSI00001184,University of Utah Hospitals and Clinics,Salt Lake Cty,UT,1,1,0,INS00000468,9102769,,1437,259,62,2,1,1,513,29623,354.93,0,0,1,1,2,0,0,0,1,1,1,0,
HSI00001185,University of Vermont Health Network,Burlington,VT,1,1,0,INS00000171,9101772,,952,265,95,6,6,2,888,36775,279.97,0,0,1,1,2,0,1,1,1,0,1,0,
HSI00001186,University of Virginia Health System,Charlottesville,VA,1,1,1,INS00000469,9102766,0860,1247,203,83,3,2,1,623,30092,659.57,0,0,1,1,2,0,1,0,0,0,0,0,
HSI00001187,Upper Allegheny Health System,Olean,NY,1,1,1,INS00773743,9103340,0816,50,15,2,2,2,2,237,7590,4.03,0,0,0,0,1,1,0,0,1,0,0,0,
HSI00001188,Upper Peninsula Health Care Solutions,Marquette,MI,1,0,0,INS00084404,,,128,51,19,6,6,1,250,7178,0,0,0,0,0,0,0,0,1,1,0,1,0,
HSI00001213,VCU Health System,Richmond,VA,1,1,1,INS00000256,9102731,0939,971,218,49,4,3,1,747,36109,530.27,0,0,1,1,2,0,0,0,0,0,1,1,H3067
HSI00001214,"Vail Clinic, Inc",Vail,CO,1,0,0,INS00593927,,,88,16,17,1,1,1,56,1792,0,0,0,0,0,0,0,0,0,0,0,,0,
HSI00001217,Valley Health System,Winchester,VA,1,1,1,INS00000481,9100952,0128,209,80,26,7,6,2,524,24947,16.43,0,0,0,0,1,0,1,1,1,1,1,0,
HSI00001218,Valley Health System,Ridgewood,NJ,1,1,0,INS00000483,9101838,,185,62,19,1,1,1,426,24458,0,0,0,0,0,0,0,0,0,1,1,0,0,
HSI00001219,"Valley Health Systems, Inc",Holyoke,MA,1,0,0,INS00014911,,,88,19,7,1,1,1,165,5747,0,0,0,0,0,0,0,0,0,0,0,,0,
HSI00001222,Vanderbilt University Medical Center,Nashville,TN,1,1,1,INS00000488,9102606,0387,1852,366,100,3,2,1,895,51658,701.33,0,0,1,1,2,0,0,0,0,1,1,0,
HSI00001224,Verity Health System,Redwood City,CA,1,1,1,INS00106671,9102314,1075,254,47,13,6,6,1,1310,45340,29.07,0,0,0,0,1,1,0,0,0,1,0,0,
HSI00001230,Vidant Health,Greenville,NC,1,1,1,INS00000436,9101407,0217,565,226,66,8,8,1,1120,56286,317.79,0,0,1,0,2,1,0,1,1,1,1,0,
HSI00001232,Virginia Mason Health System,Seattle,WA,1,1,1,INS00084406,9102782,0986,736,228,17,2,2,1,444,26557,127.19,0,0,1,0,2,1,0,0,1,1,1,0,
HSI00001233,Virtua Health,Marlton,NJ,1,1,1,INS00000503,9100067,6725,464,188,68,4,3,1,889,55337,44.2,0,0,0,0,1,0,0,0,1,1,0,0,
HSI00001235,Wake Forest University Baptist Medical Center,Winston Salem,NC,1,1,1,INS00000504,9102824,0221,993,290,130,3,3,1,829,40416,599.9,0,0,1,1,2,0,0,1,1,0,1,0,
HSI00001236,WakeMed Health and Hospitals,Raleigh,NC,1,1,1,INS00000505,9101753,6705,260,60,39,2,2,1,748,41239,58.75,0,0,0,0,1,0,0,0,1,0,0,0,
HSI00001238,Washington Health System,Washington,PA,1,1,1,INS00806726,9103297,0979,137,67,26,2,2,1,237,11762,19.15,0,0,0,0,1,0,0,1,0,1,1,0,
HSI00001239,Washington Hospital Healthcare System,Fremont,CA,1,1,0,INS00644689,9103249,,95,25,11,1,1,1,321,12350,0,0,0,0,0,0,0,1,1,1,1,0,0,
HSI00001240,Washington Regional,Fayetteville,AR,1,1,0,INS00557563,9101790,,113,44,23,1,1,1,271,14223,23.27,0,0,0,0,1,0,0,0,0,1,0,0,
HSI00001243,WellSpan Health,York,PA,1,1,1,INS00059477,9102001,0068,813,341,151,6,4,1,832,45559,156.2,0,0,1,0,1,0,0,1,1,0,1,0,
HSI00001244,"WellStar Health System, Inc",Marietta,GA,1,1,1,INS00014912,9101462,0995,1365,349,193,11,10,1,2141,110010,78.18,0,0,0,0,1,1,1,1,1,0,0,0,
HSI00001245,Wellforce Health System,Burlington,MA,0,1,0,,9103380,,973,245,34,4,4,1,758,36845,316.13,0,0,1,1,2,1,0,0,1,1,0,0,
HSI00001246,Wellmont Health System,Kingsport,TN,1,1,1,INS00000507,9101754,0188,268,80,51,6,6,2,698,32433,107.35,0,0,0,0,1,0,0,0,1,1,1,0,
HSI00001247,Wentworth Douglass Hospital,Dover,NH,1,0,0,INS00644905,,,101,50,7,1,1,1,115,7409,0,0,0,0,0,0,0,0,0,1,1,0,0,
HSI00001250,West Tennessee Healthcare,Jackson,TN,1,1,1,INS00000513,9100953,0004,133,55,26,5,4,1,692,29298,24,0,0,0,0,1,0,0,1,0,1,1,0,
HSI00001251,"West Virginia United Health System, Inc",Fairmont,WV,1,1,1,INS00014913,9101713,0119,570,158,41,8,7,1,1137,58536,377.24,0,0,1,1,2,1,1,1,0,0,1,0,
HSI00001252,Westchester Medical Center,Valhalla,NY,1,0,1,INS00000509,,1004,614,147,32,8,8,1,1361,52515,327.76,0,0,1,0,1,1,0,1,1,1,0,0,
HSI00001253,"Western Connecticut Health Network, Inc",Danbury,CT,1,1,1,INS00000153,9102671,0811,536,228,45,3,3,1,658,30013,159.61,0,0,1,0,1,0,0,0,1,1,0,0,
HSI00001255,Western Maryland Health System,Cumberland,MD,1,1,0,INS00000510,9101383,,71,19,10,1,1,1,195,12919,0,0,0,0,0,0,0,0,0,0,0,1,0,
HSI00001259,Wheeling Hospital,Wheeling,WV,1,1,0,INS00103472,9101081,,117,55,5,2,2,2,245,10867,22.47,0,0,0,0,1,1,0,1,0,0,0,0,
HSI00001260,"White River Health System, Inc",Batesville,AR,1,1,1,INS00549294,9103298,0468,77,27,26,2,2,1,212,7206,0,0,0,0,0,0,1,0,0,0,1,0,0,
HSI00001263,Willis-Knighton Health System,Shreveport,LA,1,1,1,INS00000515,9101177,1945,296,107,44,5,5,1,833,36285,26.5,0,0,0,0,1,0,0,1,1,0,0,0,
HSI00001264,Winona Health,Winona,MN,1,0,0,INS00536550,,,61,21,7,1,1,1,53,2005,0,0,0,0,0,0,0,0,0,1,0,0,0,
HSI00001271,Wyoming Medical Center,Casper,WY,1,0,0,INS00058032,,,51,18,3,1,1,1,158,8531,0,0,0,0,0,0,0,1,1,0,0,0,0,
HSI00001272,Yale New Haven Health System,New Haven,CT,1,1,1,INS00000518,9101493,0157,1700,506,159,6,5,1,1805,103331,880.71,0,0,1,0,2,0,1,1,1,1,0,0,
HSI00001273,Yavapai Regional Medical Center,Prescott,AZ,1,1,0,INS00722772,9103316,,70,17,5,2,2,1,190,9964,0,0,0,0,0,0,0,1,1,1,0,0,0,
HSI00001274,York Hospital,York,ME,1,1,0,INS00754984,9102813,,67,28,6,1,1,1,66,3578,0,0,0,0,0,0,0,0,0,1,0,0,0,
HSI00001275,Yuma Regional Medical Center,Yuma,AZ,1,0,0,INS00753268,,,116,43,12,1,1,1,406,15264,17.33,0,0,0,0,1,0,1,0,0,0,0,0,
